Hours Studied,Previous Scores,Extracurricular Activities,Sleep Hours,Sample Question Papers Practiced,Performance Index,Place of study
7,99,Yes,9,1,91,Library
4,82,No,4,2,65,Library
8,51,Yes,7,2,45,Library
5,52,Yes,5,2,36,Library
7,75,No,8,5,66,Home
3,78,No,9,6,61,Home
7,73,Yes,5,6,63,Home
8,45,Yes,4,6,42,Home
5,77,No,8,2,61,Home
4,89,No,4,0,69,Home
8,91,No,4,5,84,Home
8,79,No,6,2,73,Home
3,47,No,9,2,27,Home
6,47,No,4,2,33,Café
5,79,No,7,8,68,Café
2,72,No,4,3,43,Café
8,73,Yes,8,4,67,Library
6,83,Yes,7,2,70,Library
2,54,Yes,4,9,30,Library
5,75,No,7,0,63,Library
1,99,Yes,4,3,71,Library
6,96,No,9,0,85,Library
9,74,Yes,7,6,73,Library
1,85,No,5,6,57,Library
3,61,No,6,3,35,Library
7,62,Yes,7,4,49,Library
4,79,No,8,9,66,Library
9,84,Yes,6,6,83,Library
3,94,Yes,6,5,74,Library
5,90,Yes,4,3,74,Library
3,61,Yes,7,3,39,Library
7,44,Yes,9,1,36,Library
5,70,Yes,6,9,58,Library
9,52,Yes,8,1,47,Library
7,67,Yes,9,3,60,Library
2,97,Yes,9,4,74,Library
4,59,No,8,3,42,Library
9,72,No,8,2,68,Library
2,55,Yes,4,1,32,Café
9,68,No,5,3,64,Café
5,62,No,7,4,45,Café
2,63,Yes,6,0,39,Café
4,73,Yes,7,0,58,Café
7,46,No,9,5,36,Café
8,77,Yes,6,4,71,Café
3,76,Yes,4,3,54,Café
1,43,Yes,7,0,17,Café
4,73,No,4,6,54,Café
2,81,Yes,4,3,58,Café
8,61,No,7,2,53,Café
4,44,Yes,7,6,27,Café
2,89,Yes,6,1,65,Library
6,81,No,9,9,75,Library
6,62,Yes,9,0,52,Library
4,93,No,8,3,78,Library
6,99,No,4,7,91,Library
2,54,Yes,9,5,33,Library
2,70,Yes,5,8,47,Library
4,98,No,6,0,78,Library
8,48,No,6,0,38,Library
7,82,Yes,8,4,70,Library
9,97,Yes,8,5,98,Library
8,92,Yes,4,7,87,Library
5,64,Yes,6,2,49,Library
2,64,Yes,6,5,41,Library
5,88,No,5,2,71,Library
8,60,No,4,7,54,Library
9,48,No,4,3,42,Library
9,94,No,9,1,91,Library
1,87,Yes,8,8,61,Library
9,77,No,9,9,74,Library
7,61,Yes,4,7,54,Library
9,82,Yes,5,5,81,Library
8,62,Yes,4,2,52,Library
1,88,Yes,9,1,65,Library
8,43,Yes,7,3,36,Library
8,68,No,7,3,61,Library
3,54,Yes,5,0,35,Home
1,40,Yes,8,8,15,Home
8,93,Yes,6,9,88,Home
3,69,No,4,7,45,Home
3,68,Yes,9,6,49,Home
1,59,Yes,8,5,33,Home
5,72,Yes,9,2,60,Home
7,80,No,8,3,71,Home
9,83,Yes,4,1,81,Home
7,75,No,6,6,67,Home
9,99,No,4,1,95,Home
8,61,Yes,6,9,58,Home
2,52,No,9,0,29,Home
1,46,No,5,5,21,Home
7,47,Yes,6,3,38,Home
7,67,Yes,8,7,60,Home
8,84,Yes,5,0,76,Home
5,82,Yes,9,8,69,Home
3,48,No,7,5,30,Home
8,64,No,5,1,57,Home
6,95,Yes,6,7,81,Home
3,55,Yes,5,4,36,Home
1,49,Yes,9,4,25,Home
3,50,No,5,4,27,Home
5,70,Yes,9,6,61,Home
3,51,No,7,6,34,Home
1,99,No,6,9,76,Home
5,70,No,8,6,57,Home
7,53,No,5,9,45,Home
7,90,Yes,4,1,76,Home
9,83,Yes,8,7,83,Home
3,71,Yes,5,0,50,Home
7,89,No,8,1,81,Home
1,92,No,4,6,66,Home
4,56,Yes,8,3,38,Home
4,74,No,8,9,56,Home
5,40,No,4,9,25,Home
7,68,No,4,8,56,Home
7,90,Yes,4,8,82,Home
4,43,Yes,7,2,23,Home
7,62,Yes,9,2,56,Home
3,67,No,9,8,46,Home
6,55,Yes,4,9,43,Home
2,51,Yes,9,7,30,Home
9,92,Yes,8,0,92,Home
5,60,No,4,5,45,Home
6,84,No,5,6,70,Home
4,56,No,4,7,36,Home
7,79,No,4,1,71,Home
9,52,No,9,0,49,Home
7,91,Yes,6,3,82,Home
1,97,Yes,8,0,71,Home
1,71,No,9,1,43,Home
9,76,No,8,2,77,Home
9,89,Yes,5,3,86,Home
4,54,No,7,5,34,Home
9,51,No,6,7,49,Home
3,88,No,5,8,69,Home
7,96,No,5,3,84,Home
6,54,No,8,0,41,Home
8,73,Yes,6,4,68,Home
9,45,Yes,8,4,44,Home
5,56,No,7,8,41,Home
1,87,No,8,5,58,Home
3,88,Yes,4,4,68,Home
8,96,No,8,9,94,Home
6,59,Yes,4,9,47,Home
8,48,No,5,4,40,Home
9,98,Yes,7,7,100,Home
4,44,Yes,9,0,23,Home
1,62,No,4,4,36,Home
1,72,No,7,0,47,Home
4,77,Yes,8,6,60,Home
7,95,No,9,6,83,Home
2,53,Yes,8,9,33,Home
3,56,No,5,7,36,Home
1,96,No,8,6,74,Home
5,58,No,4,8,42,Home
1,72,Yes,5,7,47,Home
8,40,Yes,7,7,31,Home
1,52,No,5,2,26,Home
1,85,Yes,7,9,58,Home
2,66,No,6,3,42,Home
2,45,Yes,4,3,18,Home
6,98,No,4,0,85,Home
7,45,Yes,7,5,36,Home
5,72,Yes,8,1,58,Home
1,69,Yes,9,8,45,Home
1,85,Yes,8,0,60,Home
3,74,Yes,6,0,56,Home
2,62,Yes,7,9,42,Home
5,49,No,6,5,33,Home
6,90,No,7,0,77,Home
7,58,Yes,6,2,51,Home
4,90,No,7,9,72,Home
7,67,Yes,4,1,57,Home
8,62,No,6,8,53,Home
1,43,No,6,4,16,Home
6,59,No,7,5,45,Home
8,58,No,5,1,49,Home
5,81,Yes,5,7,67,Home
4,66,No,4,5,49,Home
2,96,No,8,7,73,Home
6,73,No,8,7,65,Home
6,43,Yes,4,0,27,Home
1,95,No,8,6,72,Home
9,77,Yes,9,1,74,Home
6,46,Yes,9,7,38,Home
3,87,No,9,1,67,Home
4,46,Yes,9,3,28,Home
4,89,No,7,1,73,Home
3,91,No,5,6,72,Home
3,65,No,4,4,42,Home
3,65,No,7,8,47,Home
4,93,No,9,4,77,Home
7,58,No,4,7,49,Home
4,48,No,5,1,30,Home
9,59,Yes,8,2,54,Home
1,81,Yes,7,5,56,Home
8,84,No,5,6,75,Home
7,89,No,4,9,78,Home
2,55,Yes,6,7,32,Home
8,93,No,7,2,89,Home
1,56,Yes,4,6,29,Home
9,61,Yes,4,7,57,Home
9,52,No,5,9,48,Home
2,51,No,4,5,27,Home
7,49,Yes,7,3,38,Home
3,40,Yes,9,5,18,Home
7,71,No,7,8,66,Home
9,69,No,4,2,65,Home
4,47,Yes,5,1,27,Home
1,60,Yes,7,4,33,Home
2,61,Yes,6,6,37,Home
1,57,No,9,2,29,Home
5,41,No,8,4,26,Home
5,87,No,5,3,72,Home
7,83,Yes,5,6,77,Home
9,48,Yes,8,1,45,Home
9,42,No,8,6,41,Home
3,93,Yes,7,1,73,Home
3,65,Yes,4,2,43,Home
3,60,Yes,4,4,39,Home
4,69,Yes,6,6,54,Home
8,67,Yes,9,5,62,Home
6,75,No,4,6,63,Home
8,65,No,6,5,59,Home
1,73,No,6,0,46,Home
8,47,No,5,4,42,Home
4,49,No,5,0,30,Home
1,87,Yes,9,6,63,Home
8,94,Yes,7,3,89,Home
4,82,Yes,8,4,62,Home
6,89,No,8,0,77,Home
8,93,Yes,9,7,88,Home
4,53,Yes,6,3,35,Home
3,79,Yes,9,2,60,Home
9,94,No,8,0,92,Home
3,54,Yes,6,3,38,Home
9,56,Yes,8,2,56,Home
2,92,No,7,7,70,Home
2,57,No,5,8,35,Home
2,71,Yes,5,4,47,Home
6,77,No,6,8,66,Home
3,62,Yes,9,0,43,Home
9,85,No,8,6,81,Home
4,62,Yes,4,6,43,Home
1,74,Yes,7,5,46,Home
4,78,No,8,3,61,Home
1,54,No,4,8,27,Home
5,92,No,7,2,77,Home
4,63,No,7,0,43,Home
8,67,Yes,5,1,60,Home
8,55,No,6,2,48,Home
7,55,Yes,8,1,47,Home
3,79,Yes,7,5,60,Home
1,78,Yes,8,6,53,Home
1,45,No,7,4,19,Home
3,41,Yes,9,4,23,Home
6,93,Yes,5,6,81,Home
7,52,No,6,5,41,Home
6,83,Yes,4,7,71,Home
6,86,Yes,4,8,75,Home
6,98,Yes,9,1,89,Home
3,48,No,5,1,28,Home
6,73,Yes,7,0,60,Home
8,56,Yes,5,6,54,Home
2,66,Yes,6,3,41,Home
5,68,No,4,8,52,Home
1,76,No,8,5,53,Home
1,82,No,4,6,52,Home
5,61,Yes,6,6,47,Home
3,90,Yes,7,7,71,Home
4,63,Yes,5,3,42,Home
3,46,Yes,4,2,21,Home
1,73,Yes,4,2,48,Home
1,87,No,8,9,64,Home
5,51,Yes,5,7,38,Home
6,62,Yes,8,2,49,Home
3,54,No,8,7,35,Home
9,72,No,7,1,73,Home
5,96,Yes,4,4,81,Home
8,52,No,9,4,47,Home
1,62,No,5,6,36,Home
5,77,No,7,4,63,Library
3,71,Yes,9,8,52,Home
1,84,No,7,2,58,Home
4,89,Yes,7,8,77,Home
5,74,No,6,0,58,Home
7,40,Yes,6,2,33,Home
1,86,Yes,7,3,67,Home
3,97,Yes,6,5,76,Home
2,84,No,5,9,62,Home
9,44,No,4,7,37,Home
6,96,No,9,6,86,Home
3,52,Yes,5,7,37,Home
8,93,No,4,5,88,Home
8,44,No,6,5,38,Home
2,99,Yes,9,5,76,Home
6,71,No,5,2,57,Home
7,90,Yes,8,9,82,Home
2,60,No,7,3,35,Home
2,63,Yes,4,5,41,Home
1,99,Yes,4,6,75,Home
8,57,No,8,2,51,Home
1,60,Yes,8,3,34,Home
9,93,No,7,5,92,Home
6,49,No,6,0,39,Home
7,63,No,5,6,56,Home
7,79,No,5,0,69,Home
3,86,Yes,5,9,69,Home
2,60,Yes,6,8,40,Home
9,64,Yes,7,9,63,Home
8,91,No,5,8,86,Home
7,99,No,4,8,89,Home
9,96,Yes,4,3,94,Home
4,98,Yes,4,1,79,Home
4,62,No,8,6,44,Library
1,61,No,8,3,33,Library
8,43,No,6,4,36,Library
3,73,Yes,5,0,50,Library
7,95,No,8,9,94,Library
2,45,Yes,4,5,22,Library
2,67,No,8,6,44,Library
7,70,Yes,4,2,60,Library
6,74,No,5,9,64,Library
3,78,Yes,6,1,58,Library
9,81,Yes,7,9,78,Library
6,62,Yes,7,6,51,Library
6,45,No,4,0,30,Library
1,55,Yes,8,1,29,Library
4,41,Yes,8,2,22,Library
6,63,No,4,3,51,Library
6,56,Yes,5,4,45,Library
5,84,Yes,4,3,70,Library
1,40,No,5,9,10,Library
8,45,Yes,6,2,38,Library
5,44,No,6,0,30,Library
5,96,Yes,4,6,82,Library
7,84,No,6,9,74,Library
4,99,Yes,8,5,87,Library
6,94,Yes,5,1,77,Library
4,89,Yes,7,1,72,Library
3,68,No,7,2,51,Library
7,51,Yes,6,7,40,Library
8,78,Yes,5,7,72,Library
4,86,No,8,9,68,Library
2,42,No,7,9,22,Library
3,87,No,8,9,67,Library
1,40,Yes,8,9,18,Library
8,66,Yes,7,7,64,Library
3,87,Yes,7,6,66,Library
7,63,No,6,1,50,Library
5,83,No,5,0,68,Library
5,58,Yes,4,5,44,Library
7,98,Yes,5,7,90,Library
9,47,No,4,0,41,Library
5,94,No,7,2,83,Library
1,83,No,8,0,57,Library
1,86,Yes,5,9,64,Library
2,41,No,8,8,18,Library
6,69,No,5,6,62,Library
9,69,No,9,7,66,Library
8,88,No,5,8,85,Library
5,78,Yes,8,2,62,Library
1,84,No,9,9,62,Library
7,71,Yes,6,1,62,Library
5,40,Yes,7,5,26,Library
6,77,No,6,4,66,Library
7,52,No,6,3,43,Library
3,50,Yes,5,5,30,Library
3,49,No,7,5,25,Library
5,87,Yes,9,2,77,Library
6,98,No,5,1,88,Library
9,65,Yes,4,8,62,Library
5,95,Yes,5,7,82,Library
1,94,Yes,9,3,73,Library
4,59,No,8,5,44,Library
5,56,Yes,5,2,40,Library
5,56,Yes,4,7,39,Library
7,43,No,5,2,34,Library
4,44,No,9,1,27,Library
1,99,Yes,4,6,73,Library
5,62,Yes,7,2,46,Library
7,85,No,9,8,78,Library
6,91,Yes,5,2,80,Library
5,49,No,4,7,33,Library
4,85,No,9,1,68,Library
2,67,No,7,8,45,Library
4,72,Yes,8,0,56,Library
3,82,No,6,2,58,Library
1,65,Yes,4,1,37,Library
8,94,Yes,8,6,88,Library
5,89,No,7,4,75,Library
4,87,No,8,7,70,Library
8,68,No,5,1,62,Library
7,66,No,6,7,57,Library
2,57,Yes,4,6,32,Library
1,79,Yes,9,4,53,Library
4,99,No,7,1,82,Library
8,49,Yes,6,9,41,Library
2,97,No,7,6,75,Library
3,81,Yes,8,9,63,Library
1,44,Yes,7,3,17,Library
1,49,Yes,7,3,24,Library
3,89,No,8,7,69,Library
5,60,Yes,8,5,47,Library
3,63,Yes,6,8,43,Library
1,77,Yes,4,1,48,Library
1,42,Yes,8,4,17,Library
8,79,No,6,5,75,Library
2,70,Yes,7,7,54,Library
3,80,No,7,3,59,Library
2,76,No,9,6,56,Library
3,41,Yes,5,6,20,Library
7,41,Yes,8,3,34,Library
1,78,No,6,0,54,Library
8,88,No,9,2,83,Library
2,81,No,6,1,59,Library
3,83,Yes,4,2,63,Library
9,73,Yes,9,4,72,Library
7,81,No,6,0,70,Library
4,59,No,8,4,41,Library
5,72,No,6,1,54,Library
2,43,Yes,5,3,21,Library
8,84,Yes,7,5,83,Library
4,83,No,7,8,64,Library
9,50,Yes,9,9,51,Library
5,81,No,6,5,66,Library
9,86,Yes,6,9,83,Library
4,44,No,6,1,26,Library
5,64,Yes,6,7,49,Library
9,88,Yes,5,4,85,Library
8,99,Yes,8,8,95,Library
3,76,Yes,5,9,56,Library
1,73,Yes,5,8,50,Library
3,48,Yes,5,3,23,Library
4,45,Yes,7,0,26,Library
2,57,No,5,8,30,Library
1,53,No,6,8,28,Library
7,58,No,5,7,48,Library
8,53,Yes,6,4,46,Library
7,79,Yes,9,4,73,Library
5,56,Yes,8,9,45,Library
1,99,No,7,5,76,Library
7,74,No,8,0,71,Library
7,68,No,9,8,60,Library
9,81,No,8,4,77,Library
3,56,No,7,6,36,Library
9,98,No,6,7,96,Library
1,82,Yes,9,4,62,Library
1,47,No,9,2,22,Library
4,40,Yes,6,5,21,Library
9,84,No,6,6,79,Library
6,92,No,7,3,82,Library
3,75,Yes,5,8,55,Library
1,46,Yes,4,3,22,Library
4,85,Yes,5,9,70,Library
9,44,No,5,1,37,Library
3,63,No,8,8,42,Library
9,67,Yes,4,3,64,Library
7,82,No,6,3,72,Library
4,56,Yes,5,9,42,Library
3,76,No,7,0,56,Library
5,59,No,5,1,43,Library
5,42,No,6,2,24,Library
3,76,Yes,5,6,55,Library
9,65,No,9,8,64,Library
4,54,Yes,8,4,34,Library
5,90,Yes,8,3,78,Library
4,87,Yes,5,1,71,Library
5,47,Yes,8,6,33,Library
7,52,Yes,7,5,46,Library
9,87,Yes,4,6,86,Library
7,42,Yes,5,7,34,Library
5,40,Yes,7,8,26,Library
7,48,Yes,9,9,44,Library
5,70,No,7,4,53,Library
3,80,Yes,7,4,61,Library
7,93,No,9,3,84,Library
2,65,Yes,6,2,40,Library
9,56,No,5,6,53,Library
1,95,No,5,4,67,Library
6,73,No,5,6,58,Library
7,48,No,4,1,41,Library
8,95,No,7,8,89,Library
9,90,No,5,8,85,Library
2,52,Yes,8,8,33,Library
2,44,Yes,6,4,20,Library
5,80,Yes,9,9,66,Library
5,52,Yes,9,8,38,Library
6,40,Yes,4,0,25,Library
3,64,Yes,9,1,43,Library
8,86,No,6,9,79,Library
1,43,Yes,7,4,16,Library
6,75,No,9,4,67,Library
4,91,No,9,5,80,Library
1,49,No,8,7,26,Library
7,67,No,7,0,57,Library
9,96,No,5,9,91,Library
4,45,No,6,8,29,Library
4,66,Yes,9,3,48,Library
6,95,No,8,7,84,Library
3,51,No,6,4,33,Library
6,91,Yes,4,0,82,Library
7,87,Yes,8,8,81,Library
3,42,Yes,4,7,24,Library
7,85,Yes,9,4,81,Library
3,72,Yes,8,3,54,Library
2,49,Yes,5,7,25,Library
4,70,Yes,6,8,53,Library
8,54,No,6,6,48,Library
9,46,Yes,7,3,40,Library
7,75,No,8,6,66,Library
1,53,Yes,8,5,29,Library
3,95,Yes,4,2,73,Library
9,87,No,8,9,89,Library
1,53,Yes,6,2,27,Library
9,42,Yes,8,0,40,Library
8,88,Yes,7,4,83,Library
1,92,Yes,7,7,69,Library
6,85,Yes,6,5,72,Library
5,89,Yes,6,7,77,Library
6,42,Yes,6,6,32,Library
5,61,No,8,1,49,Library
6,58,Yes,8,7,44,Library
5,74,No,5,3,57,Library
5,51,No,9,4,34,Library
4,93,No,9,7,76,Library
3,44,No,4,4,22,Library
3,49,No,8,4,30,Library
4,80,No,5,5,67,Library
9,72,No,5,6,71,Library
2,52,Yes,7,8,29,Library
9,74,Yes,8,6,74,Library
1,90,Yes,5,5,67,Library
1,71,No,7,9,46,Library
5,50,Yes,4,3,34,Library
6,87,No,7,9,76,Library
6,77,No,4,1,64,Library
3,63,Yes,9,8,46,Library
7,74,No,9,9,68,Library
9,58,No,6,4,58,Library
8,45,Yes,6,4,41,Library
6,79,No,7,2,64,Library
8,93,Yes,6,2,84,Library
5,84,No,8,0,70,Library
8,83,No,7,4,77,Library
4,81,Yes,5,2,60,Library
8,74,Yes,8,1,65,Library
2,43,Yes,7,8,21,Library
5,72,No,9,9,60,Library
9,52,No,4,5,48,Library
4,95,Yes,6,2,77,Library
6,75,Yes,6,6,63,Library
1,93,Yes,6,8,68,Library
9,82,No,7,8,81,Library
1,58,No,8,0,29,Library
5,82,Yes,4,1,66,Library
4,51,Yes,6,7,36,Library
3,50,Yes,8,0,29,Library
6,45,No,5,2,32,Library
2,51,Yes,9,6,31,Library
3,66,Yes,5,7,45,Library
5,80,Yes,4,4,65,Library
9,64,No,6,1,57,Library
2,81,No,5,2,58,Library
8,42,Yes,9,8,38,Library
2,42,No,8,9,22,Library
5,59,Yes,8,6,48,Library
7,67,Yes,5,0,59,Library
8,62,Yes,6,2,58,Library
1,87,Yes,9,8,62,Library
6,42,No,4,6,30,Library
1,81,Yes,6,1,56,Library
2,63,Yes,7,5,40,Library
1,82,No,5,8,59,Library
5,79,Yes,7,3,65,Library
9,45,No,5,9,43,Library
6,59,Yes,4,1,48,Library
1,50,Yes,6,2,24,Library
1,71,Yes,9,6,51,Library
2,99,Yes,6,3,81,Library
9,66,No,5,6,62,Library
3,60,Yes,8,4,43,Library
1,83,No,7,7,63,Library
5,87,No,9,7,73,Library
7,89,No,9,4,76,Library
6,52,Yes,6,6,43,Library
1,61,No,6,5,34,Library
5,74,No,5,7,57,Library
5,86,No,8,8,72,Library
6,61,Yes,7,4,47,Library
3,67,Yes,8,6,52,Library
5,60,No,9,0,49,Library
7,85,No,8,7,77,Library
5,57,Yes,5,2,41,Library
5,70,No,8,0,56,Library
5,99,No,7,5,89,Library
3,85,No,9,7,65,Library
1,76,Yes,4,2,49,Library
5,60,No,9,0,48,Library
9,53,No,4,2,47,Library
1,64,Yes,7,4,37,Library
3,66,No,9,7,48,Library
4,79,Yes,9,8,61,Library
1,99,Yes,9,8,77,Library
1,99,Yes,9,3,75,Library
8,62,No,5,7,57,Library
2,70,No,6,4,45,Library
8,86,No,9,2,82,Library
7,99,No,5,4,90,Library
2,68,No,7,1,42,Library
6,86,No,9,5,74,Library
6,69,No,8,0,60,Library
3,90,No,9,5,73,Library
2,65,Yes,9,4,40,Library
1,59,No,4,8,32,Library
6,77,No,8,6,67,Library
5,58,Yes,9,5,46,Library
9,66,No,9,6,65,Library
1,64,Yes,9,9,42,Library
7,79,No,5,4,69,Library
5,77,No,7,0,62,Library
5,91,Yes,4,8,75,Library
2,62,Yes,9,4,40,Library
3,68,No,7,3,43,Library
7,54,Yes,4,5,42,Library
6,98,No,4,4,84,Library
2,42,No,4,0,15,Library
6,49,No,9,1,39,Library
2,54,No,5,3,26,Library
2,95,No,9,7,73,Library
2,55,No,9,4,34,Library
3,56,Yes,7,6,34,Library
2,58,Yes,6,1,37,Library
4,50,Yes,6,7,34,Library
9,87,No,6,4,85,Library
6,44,Yes,7,3,31,Library
1,44,No,8,8,18,Library
8,97,Yes,7,5,92,Library
7,53,No,4,3,44,Library
3,89,No,9,7,72,Library
1,65,No,8,2,40,Library
5,47,No,4,9,31,Library
4,44,No,9,1,25,Library
8,46,Yes,9,6,44,Library
1,55,No,4,3,27,Library
1,94,Yes,7,3,66,Library
4,53,No,6,9,34,Library
8,76,No,8,8,70,Library
5,95,No,9,1,81,Library
2,80,Yes,5,0,56,Library
6,43,No,9,6,30,Library
5,75,Yes,6,7,60,Library
2,87,No,9,2,64,Library
3,95,Yes,5,1,74,Library
9,56,Yes,7,3,52,Library
7,86,Yes,9,1,84,Library
7,75,No,8,1,66,Library
6,45,No,7,4,32,Library
8,55,Yes,5,9,47,Library
4,68,No,4,4,51,Library
8,75,No,9,7,67,Library
4,77,No,7,8,57,Library
8,76,Yes,9,1,71,Library
9,87,Yes,8,0,86,Library
3,96,No,9,2,77,Library
3,87,Yes,7,5,72,Library
2,49,No,6,4,24,Library
3,80,No,7,7,60,Library
3,75,Yes,5,7,55,Library
5,68,Yes,7,1,54,Library
5,53,No,8,8,39,Library
2,43,No,7,3,19,Library
6,83,No,7,0,68,Library
5,95,Yes,8,1,83,Library
6,81,Yes,7,5,72,Library
1,75,No,8,4,49,Library
5,89,No,5,6,74,Library
9,84,Yes,8,8,86,Library
2,52,No,5,5,26,Library
1,85,Yes,5,5,60,Library
9,57,Yes,8,1,54,Library
9,72,No,7,6,73,Library
9,60,No,9,1,61,Library
6,55,Yes,6,6,45,Library
8,54,No,9,7,57,Library
1,93,Yes,8,0,68,Library
4,96,Yes,7,8,72,Library
1,44,Yes,5,7,17,Library
8,45,No,4,8,37,Library
1,77,No,6,4,54,Library
3,42,No,9,3,22,Library
4,87,Yes,7,0,73,Library
8,51,Yes,6,8,47,Library
6,75,Yes,4,3,63,Library
7,72,Yes,4,3,63,Library
8,75,No,4,3,68,Library
2,72,No,9,1,52,Library
8,70,No,8,3,64,Library
3,60,Yes,6,1,38,Library
7,66,Yes,8,7,60,Library
3,66,No,4,6,45,Library
7,47,Yes,7,9,39,Library
2,95,No,4,1,75,Library
6,76,Yes,8,1,67,Library
3,71,Yes,4,1,48,Library
3,65,Yes,4,0,44,Library
9,41,Yes,8,5,37,Library
7,51,Yes,8,5,41,Library
5,61,No,7,0,47,Library
7,56,No,8,0,45,Library
9,46,No,7,5,43,Library
1,82,Yes,5,5,54,Library
7,43,No,5,3,32,Library
6,76,No,8,2,64,Library
9,77,Yes,4,8,74,Library
1,71,Yes,6,5,50,Library
4,50,No,4,0,33,Library
9,40,No,8,2,36,Library
4,64,No,7,0,45,Library
3,81,No,4,2,58,Library
9,91,No,5,1,85,Library
2,63,Yes,9,4,41,Library
4,92,No,8,2,78,Library
6,82,No,4,6,63,Library
2,95,No,9,7,76,Library
8,56,No,4,6,51,Library
8,47,No,7,1,36,Library
1,98,No,7,9,74,Library
3,84,Yes,7,9,65,Library
9,66,Yes,9,6,65,Library
5,91,Yes,6,9,79,Library
6,57,No,9,2,46,Library
4,66,No,8,6,47,Library
2,61,Yes,8,0,42,Library
8,55,No,5,1,46,Library
6,41,No,5,9,34,Library
5,44,No,8,0,27,Library
9,57,Yes,4,8,52,Library
1,42,Yes,8,1,17,Library
5,66,Yes,6,1,53,Library
6,93,No,5,5,84,Library
5,56,Yes,5,6,39,Library
6,55,Yes,9,1,44,Library
6,45,Yes,5,3,36,Library
7,90,No,8,2,81,Library
4,46,Yes,5,4,30,Library
8,89,Yes,5,8,80,Library
7,53,No,9,1,41,Library
9,77,Yes,8,4,77,Library
7,79,No,4,7,69,Library
3,54,No,5,5,34,Library
3,86,Yes,5,3,64,Library
8,86,Yes,5,9,78,Library
5,87,Yes,6,7,74,Library
4,72,No,8,2,52,Library
8,82,Yes,5,3,76,Library
6,66,Yes,6,8,53,Library
2,68,Yes,4,4,46,Library
4,96,No,4,5,77,Library
4,76,No,9,1,59,Library
6,44,No,9,8,35,Library
6,68,Yes,9,7,61,Library
1,71,Yes,6,6,46,Library
8,99,No,4,8,97,Library
6,92,Yes,9,4,86,Library
3,45,Yes,7,4,24,Library
9,41,No,9,8,37,Library
2,45,No,4,4,18,Library
8,85,No,7,8,84,Library
3,82,Yes,6,0,59,Library
5,43,Yes,7,9,29,Library
6,95,Yes,4,9,84,Library
6,68,No,5,7,60,Library
4,98,No,7,2,78,Library
3,64,Yes,4,7,46,Library
4,48,No,9,4,31,Library
1,95,No,5,1,68,Library
4,42,Yes,6,8,25,Library
1,65,No,6,3,37,Library
1,87,Yes,8,6,62,Library
6,82,No,6,7,69,Library
5,66,Yes,8,6,50,Library
4,75,No,6,5,55,Library
3,71,Yes,6,6,54,Library
1,40,No,6,3,12,Library
6,96,No,8,9,88,Library
2,92,No,9,0,69,Library
8,93,No,8,4,88,Library
5,55,No,7,7,41,Library
7,90,Yes,4,9,83,Library
2,87,Yes,4,5,62,Library
8,50,Yes,9,4,45,Library
2,65,No,4,1,42,Library
4,79,Yes,6,9,65,Library
1,94,No,9,4,73,Library
5,40,No,4,9,23,Library
9,65,Yes,8,2,61,Library
1,67,Yes,7,1,41,Library
9,92,No,5,2,85,Library
8,97,No,7,3,93,Library
6,48,Yes,4,1,35,Library
7,99,Yes,9,3,92,Library
3,98,No,4,3,79,Library
1,83,No,8,5,57,Library
5,61,Yes,7,4,49,Library
2,47,No,8,6,28,Library
5,97,No,8,6,85,Library
8,88,Yes,5,2,82,Library
9,81,Yes,8,8,80,Library
2,66,No,8,6,41,Library
3,78,No,5,6,57,Library
3,58,Yes,6,1,41,Library
1,64,No,6,9,43,Library
8,77,Yes,9,2,73,Library
6,60,No,5,2,46,Library
8,63,Yes,9,5,61,Library
9,63,No,9,3,61,Library
5,99,No,8,3,87,Library
3,99,No,9,0,78,Library
5,58,Yes,4,5,43,Library
5,89,Yes,7,7,75,Library
5,86,Yes,4,7,72,Library
3,41,No,4,7,18,Library
4,53,No,8,4,36,Library
9,92,Yes,7,9,92,Library
9,71,Yes,9,5,71,Library
2,81,No,7,4,58,Library
8,71,No,9,3,69,Library
8,67,No,6,3,58,Library
7,87,No,5,3,74,Library
8,78,Yes,8,3,72,Library
3,79,Yes,9,5,61,Library
6,81,No,9,5,74,Library
1,86,No,7,4,60,Library
7,79,No,8,8,70,Library
1,52,Yes,9,7,27,Library
9,51,Yes,6,9,49,Library
1,47,No,4,5,17,Library
1,54,No,9,8,34,Library
7,65,No,7,4,51,Library
2,51,No,6,9,27,Library
5,82,No,8,3,67,Library
8,90,No,9,5,84,Library
8,85,Yes,6,3,81,Library
3,66,Yes,6,7,45,Library
7,57,Yes,6,6,50,Library
3,84,No,6,4,67,Library
6,75,No,6,9,67,Library
6,88,No,6,5,77,Library
3,90,Yes,5,6,70,Library
7,66,No,8,1,59,Library
3,48,Yes,4,8,27,Library
8,94,No,8,6,88,Library
4,78,No,7,7,60,Library
1,40,No,7,4,14,Library
4,46,Yes,8,2,27,Library
7,65,Yes,6,1,54,Library
4,46,Yes,5,1,32,Library
6,91,No,4,2,79,Library
9,46,Yes,9,0,44,Library
1,47,No,9,0,20,Library
5,55,No,6,6,42,Library
7,42,Yes,8,9,33,Library
1,84,Yes,9,7,58,Library
4,49,No,8,5,31,Library
6,89,No,5,6,75,Library
2,46,No,5,0,22,Library
5,60,No,8,0,46,Library
1,92,Yes,6,8,68,Library
6,76,Yes,6,4,66,Library
6,70,Yes,6,6,60,Library
4,62,No,9,5,44,Library
8,96,No,4,3,90,Library
4,66,No,4,0,47,Library
8,95,Yes,6,3,88,Library
8,61,No,8,9,56,Library
5,78,No,5,9,66,Library
4,96,Yes,7,7,78,Library
2,66,Yes,5,0,43,Library
3,93,No,5,1,72,Library
3,88,Yes,7,7,69,Library
4,43,No,6,1,24,Library
4,63,Yes,5,9,47,Library
5,62,No,7,8,45,Library
4,87,Yes,9,2,72,Library
8,58,Yes,8,2,51,Library
6,81,Yes,8,5,73,Library
6,42,Yes,8,2,28,Library
8,66,No,6,8,56,Library
7,42,No,5,7,29,Library
8,67,Yes,5,3,60,Library
2,56,No,4,5,28,Library
9,70,Yes,8,7,66,Library
1,49,Yes,6,3,21,Library
8,88,No,7,4,84,Library
4,61,No,6,6,42,Library
4,69,No,5,7,51,Library
5,88,No,8,6,74,Library
8,60,No,4,7,50,Library
5,75,No,9,3,62,Library
8,92,No,6,0,90,Library
1,62,Yes,4,5,32,Library
9,77,No,5,4,71,Library
6,51,Yes,7,3,37,Library
3,64,No,6,1,42,Library
8,93,No,9,0,85,Library
9,96,Yes,5,8,96,Library
6,59,Yes,8,1,51,Library
7,88,Yes,6,8,82,Library
1,88,Yes,4,5,64,Library
5,81,No,6,5,67,Library
5,46,No,5,1,32,Library
4,68,Yes,5,5,50,Library
6,87,Yes,4,2,73,Library
7,68,No,9,6,62,Library
9,52,No,5,9,48,Library
1,42,Yes,6,3,20,Library
6,41,No,9,8,33,Library
7,55,No,4,4,43,Library
3,69,Yes,5,9,49,Library
8,77,Yes,5,2,70,Library
5,45,Yes,6,0,28,Library
9,84,Yes,5,0,82,Library
5,46,No,6,3,29,Library
9,44,Yes,8,9,42,Library
4,95,No,9,9,79,Library
9,46,No,6,3,41,Library
5,73,No,7,8,61,Library
9,71,No,5,7,69,Library
3,88,Yes,8,3,68,Library
4,52,No,9,5,38,Library
9,69,Yes,4,6,67,Library
6,64,No,7,9,54,Library
2,60,Yes,4,7,39,Library
7,99,No,7,3,93,Library
2,98,No,8,0,76,Library
2,60,Yes,9,4,39,Library
1,67,Yes,8,0,38,Library
3,87,Yes,8,3,69,Library
6,97,Yes,7,6,88,Library
8,59,No,6,6,54,Library
9,73,No,9,0,68,Library
7,44,No,4,8,33,Library
4,57,No,6,1,40,Library
6,99,No,6,4,87,Library
5,78,Yes,5,5,64,Library
8,82,Yes,4,0,70,Library
1,96,No,7,1,70,Library
1,96,Yes,5,6,72,Library
6,50,No,5,5,38,Library
2,93,No,8,5,71,Library
5,56,Yes,7,5,40,Library
1,87,No,6,6,58,Library
7,84,Yes,9,9,77,Library
1,61,No,6,8,38,Library
4,76,Yes,6,8,60,Library
9,59,No,8,1,57,Library
1,87,No,6,1,63,Library
4,99,Yes,4,4,82,Library
6,93,No,6,9,84,Library
6,93,No,6,6,84,Library
8,87,Yes,4,2,77,Library
1,87,Yes,8,2,61,Library
7,85,Yes,5,3,73,Library
1,45,No,7,2,15,Library
7,73,Yes,8,2,64,Library
3,53,Yes,6,7,33,Library
8,87,Yes,5,6,78,Library
3,62,No,7,6,43,Library
1,59,Yes,7,9,34,Library
8,52,No,7,1,48,Library
3,86,No,4,8,66,Library
2,83,Yes,4,5,60,Library
1,80,No,5,2,53,Library
3,71,No,6,8,51,Library
2,65,No,5,8,43,Library
2,89,No,6,5,68,Library
6,92,No,8,9,80,Library
1,53,Yes,7,5,26,Library
2,91,Yes,7,7,70,Library
6,96,Yes,4,7,85,Library
3,75,No,8,5,57,Library
4,47,Yes,9,6,30,Library
1,79,No,8,3,56,Library
8,61,No,6,0,53,Library
7,61,No,8,3,52,Library
7,55,No,4,7,47,Library
3,66,Yes,6,7,48,Library
3,95,No,5,1,78,Library
2,99,Yes,6,6,79,Library
1,99,Yes,5,0,75,Library
7,49,No,9,1,40,Library
7,64,Yes,6,7,59,Library
2,70,Yes,7,9,49,Library
7,60,Yes,9,3,48,Library
8,66,No,5,2,60,Library
1,56,No,4,1,29,Library
9,72,No,9,5,68,Library
7,70,Yes,9,3,63,Library
3,89,Yes,9,2,71,Library
8,81,No,5,2,76,Library
7,65,No,5,9,57,Library
8,60,Yes,6,2,54,Library
6,75,No,7,7,61,Library
9,40,No,9,8,34,Library
5,43,Yes,6,8,32,Library
3,43,Yes,6,4,23,Library
3,65,No,7,0,44,Library
1,43,No,6,9,18,Library
8,88,No,7,4,82,Library
2,48,No,4,0,18,Library
3,69,Yes,7,8,52,Library
8,90,No,8,9,88,Library
8,84,No,7,7,78,Library
4,43,Yes,7,6,26,Library
4,44,Yes,8,1,26,Library
5,84,Yes,7,1,74,Library
6,62,Yes,5,3,52,Library
5,55,Yes,6,8,40,Library
7,61,Yes,6,8,54,Library
2,76,Yes,4,7,51,Library
7,47,No,4,4,35,Library
7,87,No,8,6,79,Library
1,72,Yes,5,8,45,Library
7,94,No,4,2,81,Library
5,99,No,6,3,87,Library
3,77,Yes,4,1,56,Library
3,82,Yes,4,8,65,Library
4,55,Yes,7,6,38,Library
2,44,Yes,4,5,17,Library
2,55,Yes,8,4,35,Library
1,46,No,6,6,20,Library
5,90,No,8,2,75,Library
4,40,Yes,8,4,26,Library
2,48,Yes,9,1,23,Library
3,57,No,5,4,38,Library
7,84,No,9,6,78,Library
7,97,No,9,9,91,Library
4,86,Yes,7,6,67,Library
5,42,Yes,8,8,31,Library
5,63,No,5,2,49,Library
6,67,Yes,6,7,57,Library
9,49,No,6,4,45,Library
2,48,Yes,5,6,22,Library
5,52,Yes,8,0,35,Library
3,87,No,8,0,65,Library
4,74,No,7,3,53,Library
6,93,Yes,7,4,79,Library
8,62,No,9,9,57,Library
1,86,Yes,6,2,58,Library
8,56,No,7,5,50,Library
7,85,No,5,2,75,Library
1,46,Yes,6,4,17,Library
2,91,Yes,8,0,70,Library
3,55,Yes,6,2,36,Library
1,92,No,4,6,61,Library
9,79,No,6,2,78,Library
8,75,Yes,7,4,71,Library
2,59,No,5,6,36,Library
9,63,Yes,8,1,63,Library
7,86,Yes,8,2,78,Library
9,44,Yes,7,3,39,Library
6,84,Yes,7,4,70,Library
6,45,Yes,7,8,34,Library
4,67,No,4,8,49,Library
2,98,No,5,3,71,Library
7,44,Yes,4,8,34,Library
5,88,No,7,3,77,Library
6,78,Yes,5,1,67,Library
2,77,No,7,9,52,Library
5,41,No,5,0,25,Library
4,82,Yes,8,6,68,Library
9,78,No,4,3,76,Library
6,93,Yes,9,7,85,Library
2,60,No,7,7,40,Library
1,79,Yes,7,7,56,Library
5,76,Yes,6,5,62,Library
9,98,Yes,9,8,99,Library
6,57,Yes,8,3,46,Library
7,93,Yes,7,4,86,Library
5,87,Yes,4,3,73,Library
6,85,No,8,4,74,Library
5,51,Yes,7,1,37,Library
9,56,No,4,4,50,Library
6,76,Yes,6,9,65,Library
8,85,No,6,7,79,Library
2,77,Yes,4,8,53,Library
9,54,Yes,8,6,55,Library
5,46,No,4,6,31,Library
7,53,Yes,9,5,47,Library
1,89,Yes,4,1,63,Library
5,40,Yes,6,9,27,Library
2,77,Yes,6,9,53,Library
6,42,No,6,8,33,Library
1,76,Yes,9,4,56,Library
3,83,No,7,5,65,Library
5,70,Yes,9,0,55,Library
4,82,Yes,7,4,67,Library
3,52,Yes,9,5,32,Library
5,87,Yes,5,9,73,Library
8,57,No,7,1,45,Library
4,56,Yes,8,6,43,Library
1,56,Yes,8,3,32,Library
7,50,Yes,6,4,42,Library
8,59,No,9,2,55,Library
3,49,No,4,4,28,Library
6,68,No,6,3,58,Library
2,87,No,4,9,67,Library
7,73,Yes,9,5,66,Library
8,56,Yes,6,1,46,Library
6,93,No,6,2,79,Library
6,91,Yes,8,9,83,Library
5,81,Yes,4,0,63,Library
8,52,No,5,6,45,Library
1,83,Yes,5,8,63,Library
4,86,No,6,1,70,Library
4,78,No,9,6,58,Library
3,66,No,6,2,50,Library
3,93,No,8,4,77,Library
4,92,No,4,5,75,Library
1,65,No,6,7,40,Library
2,67,Yes,9,3,43,Library
9,52,Yes,5,1,47,Library
2,51,Yes,4,2,22,Library
5,83,No,6,7,71,Library
9,67,No,4,6,63,Library
9,41,No,8,5,37,Library
8,76,Yes,5,4,72,Library
1,96,Yes,9,4,73,Library
1,96,No,4,0,72,Library
9,73,No,5,5,68,Library
8,62,No,6,8,59,Library
9,97,No,9,7,97,Library
7,91,No,9,9,83,Library
3,84,Yes,7,0,65,Library
3,68,No,4,5,47,Library
2,74,No,5,2,51,Library
5,50,No,4,5,32,Library
3,87,No,6,8,63,Library
6,72,Yes,6,5,60,Library
2,90,No,9,7,70,Library
3,50,No,9,5,32,Library
5,48,No,5,5,32,Library
1,53,Yes,8,6,29,Library
1,48,No,4,9,21,Library
9,78,Yes,4,3,74,Library
7,87,No,6,7,81,Library
1,42,No,4,3,11,Library
8,68,No,5,6,65,Library
3,58,No,7,0,37,Library
8,75,No,9,8,75,Library
5,71,No,6,9,61,Library
1,46,No,9,8,17,Library
7,94,No,9,6,87,Library
5,67,No,9,7,52,Library
6,83,Yes,7,1,71,Library
6,57,Yes,4,9,46,Library
8,99,Yes,8,9,99,Library
9,44,Yes,9,6,40,Library
2,62,No,5,0,42,Library
9,94,No,9,2,91,Library
9,61,Yes,9,5,57,Library
7,65,Yes,4,4,58,Library
1,81,Yes,5,4,55,Library
7,51,Yes,4,8,46,Library
5,79,No,9,5,64,Library
6,58,Yes,4,2,45,Library
7,86,No,4,1,78,Library
5,40,No,6,8,24,Library
7,42,No,7,9,36,Library
9,66,Yes,8,3,65,Library
3,57,Yes,7,4,35,Library
8,89,No,7,8,87,Library
2,69,Yes,5,4,45,Library
7,41,Yes,6,6,35,Library
2,44,No,6,1,18,Library
4,68,No,4,1,46,Library
7,72,Yes,7,3,63,Library
3,81,No,8,7,62,Library
2,59,Yes,5,1,35,Library
7,69,Yes,6,9,63,Library
1,81,No,4,6,58,Library
8,44,No,8,0,37,Library
3,89,Yes,7,8,74,Library
2,60,No,8,9,40,Library
3,97,Yes,6,5,78,Library
5,54,No,5,0,38,Library
8,59,Yes,7,9,55,Library
7,47,No,5,5,39,Library
7,88,Yes,9,4,84,Library
7,70,Yes,8,4,60,Library
8,51,No,8,4,47,Library
1,60,Yes,4,3,34,Library
4,69,Yes,7,6,54,Library
6,66,Yes,8,8,56,Library
9,83,Yes,6,3,82,Library
2,65,Yes,9,1,45,Library
1,72,No,6,1,45,Library
2,65,Yes,5,1,43,Library
7,65,Yes,9,6,57,Library
3,75,Yes,9,3,56,Library
2,79,No,6,3,56,Library
7,40,No,8,0,30,Library
2,98,Yes,6,3,75,Library
3,54,Yes,7,5,33,Library
7,89,No,5,1,80,Library
4,40,No,9,3,27,Library
1,50,Yes,7,6,26,Library
5,94,No,8,8,81,Library
9,41,Yes,8,1,41,Library
8,40,Yes,6,7,34,Library
9,70,Yes,4,5,68,Library
9,83,No,9,7,83,Library
7,55,Yes,9,1,44,Library
4,93,Yes,4,0,75,Library
5,61,No,8,6,52,Library
1,81,Yes,8,8,56,Library
1,57,Yes,9,8,37,Library
3,86,Yes,5,1,67,Library
8,56,No,9,3,50,Library
2,69,No,8,0,46,Library
4,49,Yes,8,6,31,Library
2,74,No,5,1,51,Library
5,97,Yes,7,3,82,Library
9,60,Yes,7,1,58,Library
1,55,No,5,0,31,Library
5,45,No,5,6,29,Library
9,42,Yes,7,5,40,Library
1,80,No,7,1,51,Library
9,82,No,7,3,79,Library
8,60,No,7,2,52,Library
4,52,Yes,9,2,36,Library
5,57,Yes,9,2,43,Library
5,97,No,6,3,81,Library
6,93,Yes,5,0,81,Library
7,99,Yes,4,0,84,Library
8,63,No,6,6,55,Library
8,66,Yes,4,4,64,Library
2,93,No,4,2,68,Library
9,43,Yes,8,8,41,Library
7,61,Yes,5,4,53,Library
4,63,No,9,9,50,Library
4,79,Yes,6,2,65,Library
8,84,No,5,8,78,Library
4,49,Yes,7,0,31,Library
6,41,Yes,5,8,30,Library
5,79,Yes,4,4,64,Library
3,45,No,9,5,26,Library
2,87,Yes,7,1,66,Library
9,57,Yes,5,7,55,Library
9,56,No,5,2,52,Library
1,77,No,9,0,57,Library
3,84,Yes,4,6,68,Library
8,62,No,7,2,57,Library
6,85,No,4,3,75,Library
5,69,No,9,4,54,Library
5,97,No,5,0,82,Library
6,60,Yes,6,8,51,Library
7,49,No,6,6,43,Library
1,95,Yes,8,1,68,Library
9,82,Yes,6,0,77,Library
3,52,Yes,9,1,33,Library
4,51,No,9,2,37,Library
1,48,No,9,2,23,Library
3,43,Yes,7,7,26,Library
2,78,Yes,8,4,56,Library
2,63,No,7,8,42,Library
1,93,No,6,2,65,Library
8,73,Yes,6,5,66,Library
3,78,No,5,3,57,Library
3,80,No,7,7,59,Library
6,44,Yes,4,0,28,Library
8,54,No,5,3,46,Library
9,89,No,7,6,84,Library
9,43,Yes,9,8,42,Library
4,90,No,8,0,73,Library
5,91,Yes,7,7,77,Library
2,97,No,8,1,74,Library
9,78,Yes,8,3,75,Library
8,97,No,6,3,94,Library
3,47,Yes,4,7,27,Library
9,88,No,7,1,89,Library
3,84,No,4,6,62,Library
9,63,No,8,2,59,Library
2,92,Yes,6,8,73,Library
9,67,No,4,4,57,Library
8,94,Yes,5,7,90,Library
9,82,No,8,4,80,Library
5,66,No,5,0,50,Library
2,40,No,9,8,18,Library
8,73,No,4,9,68,Library
6,56,No,4,6,39,Library
8,76,No,4,3,67,Library
5,77,Yes,9,6,69,Library
2,65,Yes,7,4,43,Library
6,96,No,8,9,84,Library
5,63,No,8,8,50,Library
5,78,No,8,1,65,Library
1,99,No,7,3,74,Library
2,60,No,4,5,35,Library
8,69,Yes,4,4,61,Library
3,86,No,9,0,64,Library
3,90,No,5,8,66,Library
8,87,Yes,7,8,81,Library
8,96,Yes,6,2,93,Library
2,52,Yes,7,3,28,Library
8,76,No,9,3,71,Library
1,42,No,5,9,13,Library
6,71,No,5,7,59,Library
8,74,No,5,5,67,Library
3,58,No,4,1,35,Library
8,53,Yes,6,3,46,Library
1,87,No,5,0,59,Library
9,61,No,8,2,57,Library
9,56,No,4,3,51,Library
5,98,Yes,6,7,80,Library
4,43,No,8,2,22,Library
6,84,No,6,4,71,Library
7,79,No,9,0,73,Library
5,58,No,6,3,40,Library
9,76,Yes,8,1,75,Library
3,41,Yes,7,3,24,Library
7,54,Yes,6,4,45,Library
5,41,No,7,2,25,Library
7,50,Yes,6,5,42,Library
2,84,Yes,9,1,63,Library
4,62,No,8,4,44,Library
2,49,No,6,3,26,Library
7,42,Yes,5,4,31,Library
2,44,Yes,9,8,26,Library
1,42,Yes,5,5,15,Library
9,77,Yes,9,6,77,Library
1,52,No,9,7,31,Library
8,81,No,6,8,75,Library
2,58,Yes,8,4,34,Library
8,79,Yes,8,7,74,Library
3,89,Yes,4,1,68,Library
6,74,No,8,9,64,Library
3,63,No,7,8,43,Library
7,63,No,6,1,54,Library
9,56,Yes,5,4,53,Library
2,79,No,8,5,56,Library
5,49,Yes,5,3,34,Library
6,41,Yes,4,7,27,Library
4,83,No,6,9,66,Library
4,62,Yes,8,2,41,Library
4,45,No,5,4,25,Library
2,41,No,9,1,20,Library
4,60,Yes,8,2,45,Library
1,94,Yes,4,7,70,Library
6,95,No,9,4,86,Library
1,74,No,5,2,46,Library
6,88,No,5,4,73,Library
1,68,No,6,8,42,Library
6,46,No,6,2,27,Library
8,68,No,5,9,64,Library
2,92,No,9,6,71,Library
2,76,Yes,6,7,56,Library
4,62,No,5,4,43,Library
3,72,Yes,9,2,50,Library
4,47,Yes,7,5,31,Library
7,51,No,8,2,42,Library
1,85,No,7,8,60,Library
6,87,No,7,1,76,Library
3,49,No,8,2,28,Library
7,54,No,5,6,45,Library
2,92,Yes,5,9,71,Library
2,63,Yes,6,7,44,Library
4,65,No,4,4,48,Library
1,86,No,5,4,57,Library
3,81,No,8,4,61,Library
9,92,No,4,3,86,Library
7,99,Yes,8,8,95,Library
7,78,Yes,8,5,70,Library
4,97,Yes,8,7,81,Library
2,42,No,4,7,18,Library
4,41,No,7,4,24,Library
6,45,No,9,8,32,Library
3,60,Yes,8,1,40,Library
1,48,Yes,6,7,25,Library
8,49,Yes,5,2,41,Library
5,75,No,9,6,66,Library
5,98,Yes,5,8,83,Library
4,42,No,5,4,22,Library
6,80,Yes,4,7,70,Library
3,63,No,6,3,42,Library
9,61,No,6,0,56,Library
5,88,No,9,0,72,Library
3,53,No,6,5,31,Library
1,81,Yes,6,7,60,Library
6,84,Yes,6,9,74,Library
2,83,Yes,9,1,62,Library
3,66,No,7,3,44,Library
1,72,Yes,6,2,46,Library
9,99,No,6,8,96,Library
8,61,Yes,4,2,51,Library
2,68,Yes,4,7,43,Library
8,58,No,6,6,51,Library
9,58,No,7,0,58,Library
1,45,No,6,7,23,Library
5,84,Yes,6,8,67,Library
8,58,No,6,7,50,Library
2,52,Yes,8,9,31,Library
4,98,Yes,7,9,83,Library
7,65,Yes,5,0,55,Library
3,61,No,6,6,44,Library
5,60,Yes,5,8,45,Library
8,75,No,7,4,73,Library
3,95,No,6,1,76,Library
4,41,Yes,5,7,23,Library
9,86,Yes,9,8,84,Library
7,83,Yes,5,6,73,Library
1,69,Yes,7,4,48,Library
4,66,No,6,7,50,Library
4,46,No,8,5,30,Library
9,59,No,7,3,51,Library
6,89,No,8,0,76,Library
9,70,No,6,5,66,Library
6,62,No,5,7,50,Library
6,52,No,9,2,40,Library
5,56,No,9,6,42,Library
5,43,No,7,6,29,Library
2,96,Yes,7,8,77,Library
8,53,Yes,7,0,45,Library
8,59,No,4,4,49,Library
1,99,No,9,7,74,Library
8,52,Yes,9,2,45,Library
5,42,Yes,6,4,27,Library
2,65,Yes,4,0,44,Library
2,65,No,7,8,42,Library
6,57,Yes,7,3,43,Library
9,71,Yes,8,4,68,Library
1,53,Yes,4,2,29,Library
6,86,Yes,5,1,73,Library
9,42,Yes,9,6,39,Library
8,40,No,6,4,30,Library
6,65,Yes,5,9,53,Library
3,63,No,5,2,38,Library
8,88,Yes,6,1,82,Library
9,74,Yes,7,9,72,Library
1,53,Yes,9,5,24,Library
9,42,Yes,8,9,44,Library
6,52,Yes,7,5,45,Library
6,86,No,7,2,75,Library
4,89,No,4,8,75,Library
1,53,No,5,0,26,Library
8,60,No,5,2,49,Library
2,65,No,9,0,42,Library
1,42,No,5,6,14,Library
2,90,No,8,1,64,Library
1,79,Yes,8,3,54,Library
1,43,No,8,3,16,Library
9,75,Yes,6,7,73,Library
1,90,Yes,9,3,67,Library
4,82,No,8,2,69,Library
6,40,Yes,4,9,28,Library
7,79,Yes,4,2,67,Library
2,86,No,7,4,62,Library
6,72,Yes,7,5,60,Library
7,46,No,9,6,43,Library
2,92,Yes,7,4,70,Library
2,91,No,7,6,70,Library
7,91,Yes,4,3,84,Library
1,95,No,7,4,72,Library
8,50,Yes,4,5,44,Library
3,66,No,8,8,46,Library
6,53,Yes,8,5,41,Library
9,61,Yes,9,9,58,Library
6,55,No,6,0,44,Library
9,85,Yes,7,6,89,Library
7,51,No,8,2,45,Library
9,88,Yes,8,5,87,Library
2,85,Yes,9,1,61,Library
8,49,No,5,6,41,Library
8,63,Yes,5,0,57,Library
2,85,No,9,1,62,Library
4,57,Yes,4,8,39,Library
7,61,Yes,6,8,54,Library
4,48,Yes,9,6,33,Library
4,56,Yes,5,1,42,Library
6,77,No,6,4,70,Library
6,79,No,8,3,67,Library
3,97,Yes,9,1,80,Library
9,52,Yes,4,1,44,Library
2,89,No,6,9,69,Library
6,76,Yes,5,7,66,Library
7,45,No,8,4,35,Library
9,60,Yes,9,7,61,Library
3,90,Yes,7,1,68,Library
3,75,No,8,1,55,Library
7,46,Yes,5,2,36,Library
4,75,No,9,9,56,Library
8,64,No,5,7,58,Library
7,50,No,7,7,40,Library
5,83,No,8,2,68,Library
7,53,No,6,0,43,Library
3,84,No,6,6,61,Library
2,68,Yes,8,3,45,Library
6,49,No,6,2,36,Library
2,89,No,9,4,67,Library
3,87,Yes,8,5,67,Library
6,44,No,8,0,29,Library
5,47,Yes,5,8,31,Library
8,85,No,4,5,74,Library
9,44,No,5,2,37,Library
3,97,No,6,0,79,Library
3,99,Yes,4,8,76,Library
3,63,Yes,8,1,45,Library
6,79,No,6,9,65,Library
1,96,No,7,5,72,Library
7,65,Yes,6,5,62,Library
1,45,Yes,4,2,19,Library
5,55,Yes,4,5,39,Library
8,99,No,8,1,93,Library
4,75,Yes,9,7,62,Library
5,51,Yes,7,0,37,Library
4,50,Yes,8,5,34,Library
4,42,Yes,7,0,23,Library
8,83,Yes,7,8,79,Library
2,76,Yes,8,8,51,Library
1,45,Yes,6,5,18,Library
3,58,No,5,5,41,Library
9,57,Yes,7,8,57,Library
4,55,No,4,4,36,Library
5,62,No,8,8,47,Library
2,82,Yes,9,4,65,Library
4,76,No,6,3,57,Library
2,48,No,7,1,22,Library
2,42,Yes,9,1,20,Library
4,47,No,6,0,27,Library
6,77,Yes,8,9,64,Library
7,43,Yes,9,2,32,Library
3,51,Yes,4,0,29,Library
3,83,Yes,7,5,62,Library
6,70,Yes,7,6,56,Library
3,64,Yes,9,8,43,Library
2,92,Yes,6,6,70,Library
8,55,No,8,3,49,Library
5,81,Yes,5,3,68,Library
1,93,No,7,7,66,Library
3,53,Yes,4,3,31,Library
8,52,Yes,7,0,44,Library
4,80,Yes,7,8,65,Library
7,46,No,5,2,36,Library
2,51,No,5,0,27,Library
7,76,No,8,8,71,Library
5,89,No,7,9,76,Library
5,43,No,7,9,31,Library
6,41,No,6,4,26,Library
9,74,Yes,6,8,69,Library
6,97,Yes,9,2,90,Library
8,83,No,9,5,79,Library
7,42,No,4,6,33,Library
9,43,No,4,4,40,Library
4,77,No,6,7,58,Library
2,51,No,9,9,28,Library
7,58,Yes,4,5,50,Library
6,49,Yes,7,5,37,Library
1,40,Yes,9,6,15,Library
9,56,Yes,5,7,50,Library
9,55,Yes,9,1,55,Library
2,48,Yes,7,6,25,Library
3,96,Yes,6,8,79,Library
5,92,Yes,8,0,79,Library
5,48,No,8,0,36,Library
1,98,No,6,6,69,Library
8,94,Yes,7,4,83,Library
8,48,Yes,4,0,44,Library
4,51,Yes,9,0,36,Library
7,94,No,9,1,84,Library
3,80,No,4,9,58,Library
6,54,Yes,8,8,44,Library
9,41,No,6,2,36,Library
1,50,Yes,6,8,23,Library
5,50,Yes,5,5,33,Library
4,47,Yes,8,9,31,Library
8,94,Yes,6,5,90,Library
1,71,Yes,5,6,45,Library
9,45,No,4,9,40,Library
6,92,Yes,8,7,81,Library
4,59,Yes,8,2,47,Library
9,78,Yes,6,7,75,Library
5,74,Yes,6,5,61,Library
5,47,No,7,5,37,Library
5,89,Yes,4,2,75,Library
1,88,Yes,4,5,63,Library
1,82,No,9,7,61,Library
8,73,Yes,5,6,70,Library
8,96,Yes,5,9,91,Library
6,92,Yes,7,9,80,Library
4,98,Yes,9,6,83,Library
2,95,No,4,2,72,Library
2,58,Yes,5,9,35,Library
9,46,Yes,4,2,41,Library
5,70,No,4,4,57,Library
4,57,Yes,9,4,43,Library
1,79,Yes,5,8,55,Library
7,53,No,6,8,42,Library
3,78,Yes,6,9,59,Library
6,99,No,9,4,90,Library
5,92,Yes,5,4,79,Library
5,99,No,7,5,89,Library
5,98,Yes,8,7,87,Library
1,75,Yes,9,5,50,Library
1,56,No,4,5,33,Library
3,76,Yes,9,8,58,Library
4,83,No,8,0,68,Library
5,48,No,9,3,33,Library
2,97,No,5,9,73,Library
8,59,No,4,9,50,Library
2,84,Yes,8,1,59,Library
9,96,No,6,8,93,Library
2,67,Yes,7,2,47,Library
9,89,Yes,9,9,89,Library
7,59,No,9,1,47,Library
8,80,No,8,7,77,Library
2,75,Yes,7,3,53,Library
7,92,No,9,1,87,Library
6,66,Yes,6,3,53,Library
4,47,No,8,6,28,Library
7,71,Yes,5,6,66,Library
4,40,Yes,4,0,23,Library
2,56,No,6,0,28,Library
7,96,Yes,7,2,89,Library
8,48,Yes,7,1,38,Library
2,59,No,6,2,37,Library
5,84,No,5,3,66,Library
1,71,No,9,6,44,Library
7,41,No,5,1,33,Library
8,71,No,9,6,67,Library
6,84,Yes,9,4,76,Library
5,48,Yes,7,7,33,Library
6,69,No,9,7,59,Library
2,59,Yes,6,4,39,Library
1,77,Yes,9,9,55,Library
7,99,Yes,6,7,96,Library
7,40,Yes,4,8,30,Library
2,99,Yes,7,6,80,Library
2,96,No,5,5,75,Library
1,44,No,8,6,19,Library
8,74,Yes,5,6,71,Library
8,75,Yes,5,2,67,Library
1,40,No,8,5,16,Library
8,53,No,7,5,45,Library
9,48,No,9,8,44,Library
4,69,No,4,0,50,Library
1,63,Yes,5,6,37,Library
1,43,No,9,0,15,Library
3,89,No,5,9,71,Library
5,53,Yes,7,3,42,Library
5,64,No,7,6,49,Library
9,43,No,6,5,41,Library
2,64,No,7,5,40,Library
2,49,No,7,4,25,Library
6,74,No,5,6,62,Library
9,94,Yes,4,8,93,Library
1,46,Yes,5,5,19,Library
9,81,Yes,9,9,77,Library
9,52,Yes,7,6,52,Library
9,43,Yes,6,8,41,Library
5,89,No,4,6,69,Library
9,82,No,6,5,82,Library
4,96,No,8,2,82,Library
2,75,No,6,0,49,Library
6,95,No,6,9,82,Library
4,53,No,9,8,40,Library
6,57,No,7,6,48,Library
3,47,No,9,2,28,Library
6,71,No,7,9,60,Library
2,66,No,9,8,43,Library
2,81,No,7,2,59,Library
9,76,No,7,2,71,Library
7,62,No,7,6,52,Library
3,46,Yes,6,1,27,Library
1,51,No,8,9,28,Library
8,64,Yes,7,6,62,Library
6,42,No,8,6,27,Library
7,65,No,8,0,55,Library
9,43,No,5,9,39,Library
5,81,Yes,5,1,66,Library
1,75,Yes,4,4,46,Library
7,54,No,9,3,47,Library
5,71,No,5,2,59,Library
3,68,No,7,9,46,Library
9,49,No,8,7,47,Library
1,60,Yes,9,6,39,Library
1,93,Yes,4,8,67,Library
1,55,No,5,2,26,Library
3,86,Yes,6,9,68,Library
6,58,Yes,9,0,49,Library
3,68,No,4,8,45,Library
8,91,No,7,8,88,Library
2,90,No,9,0,67,Library
9,57,Yes,8,7,54,Library
3,97,No,7,9,75,Library
5,83,Yes,7,0,67,Library
8,96,No,9,5,91,Library
2,55,No,6,8,30,Library
6,40,Yes,6,2,29,Library
5,87,Yes,9,5,75,Library
9,41,Yes,9,2,41,Library
5,95,Yes,9,4,84,Library
2,54,Yes,8,6,31,Library
5,78,Yes,5,9,64,Library
4,67,No,7,3,48,Library
7,40,Yes,9,3,29,Library
6,44,Yes,5,6,33,Library
2,81,No,8,4,59,Library
5,61,Yes,7,0,45,Library
7,92,Yes,5,9,86,Library
7,75,No,7,1,65,Library
5,85,No,6,5,73,Library
9,52,No,9,8,50,Library
4,40,Yes,6,6,20,Library
3,55,No,4,3,36,Library
4,94,Yes,8,1,78,Library
5,80,No,9,3,65,Library
6,61,Yes,5,4,48,Library
3,71,No,7,1,49,Library
2,55,No,4,0,32,Library
4,90,No,8,3,69,Library
5,54,Yes,8,5,41,Library
4,97,Yes,8,0,77,Library
3,85,No,5,0,60,Library
8,91,No,9,8,88,Library
4,81,No,6,4,61,Library
2,92,No,4,1,69,Library
2,51,Yes,5,1,29,Library
1,99,No,7,3,73,Library
4,40,No,5,1,22,Library
9,92,Yes,7,3,93,Library
7,56,Yes,7,5,46,Library
7,80,No,8,6,74,Library
7,94,No,5,5,83,Library
8,90,Yes,6,3,84,Library
1,96,Yes,7,9,71,Library
8,89,No,8,2,82,Library
4,67,Yes,6,3,49,Library
4,46,Yes,5,4,27,Library
4,48,No,6,3,29,Library
6,61,No,5,2,50,Library
7,65,Yes,7,0,53,Library
6,92,No,4,2,80,Library
1,51,No,4,4,21,Library
8,46,No,9,5,39,Library
7,85,No,9,3,74,Library
6,86,No,7,0,76,Library
6,54,Yes,6,9,43,Library
5,77,Yes,5,6,61,Library
6,60,No,4,8,48,Library
9,53,No,5,5,48,Library
9,41,No,7,5,40,Library
8,47,Yes,6,8,40,Library
9,84,Yes,5,3,80,Library
8,94,Yes,6,4,90,Library
8,45,Yes,4,4,36,Library
1,76,No,5,4,48,Library
5,76,No,8,7,60,Library
4,96,Yes,4,0,76,Library
2,72,Yes,6,9,47,Library
8,80,No,7,9,73,Library
3,45,No,8,2,22,Library
4,91,No,9,7,74,Library
7,65,No,5,8,58,Library
9,78,No,9,1,76,Library
2,80,Yes,4,3,59,Library
3,76,No,5,7,55,Library
4,53,Yes,5,4,33,Library
1,76,Yes,8,0,50,Library
7,47,No,8,5,37,Library
2,78,Yes,8,8,58,Library
5,52,Yes,8,8,36,Library
1,52,No,7,0,25,Library
3,79,Yes,6,3,62,Library
2,82,No,8,0,57,Library
1,67,No,4,6,39,Library
7,97,Yes,5,2,84,Library
5,57,No,9,1,45,Library
1,96,No,8,7,72,Library
6,58,Yes,4,8,45,Library
5,77,No,7,6,63,Library
3,71,Yes,4,5,50,Library
7,61,Yes,9,9,53,Library
9,41,No,9,5,36,Library
9,99,Yes,4,8,97,Library
9,52,No,7,4,49,Library
2,62,Yes,9,4,40,Library
3,64,No,7,1,43,Library
7,67,No,5,5,60,Library
5,97,Yes,8,5,85,Library
2,50,Yes,9,5,26,Library
3,72,No,4,3,53,Library
6,63,No,6,6,53,Library
7,41,Yes,6,8,34,Library
9,69,No,5,0,63,Library
1,56,No,6,2,31,Library
7,79,Yes,5,9,71,Library
8,73,Yes,8,8,67,Library
3,77,No,5,4,57,Library
4,61,Yes,7,5,46,Library
6,44,Yes,7,7,34,Library
7,87,No,7,8,76,Library
4,79,Yes,9,7,65,Library
8,90,Yes,7,2,84,Library
5,55,No,7,9,38,Library
1,52,Yes,7,0,27,Library
4,65,No,7,4,49,Library
3,70,Yes,9,6,52,Library
9,91,Yes,7,1,86,Library
8,78,No,7,0,74,Library
1,87,Yes,8,3,64,Library
6,62,Yes,9,2,53,Library
9,87,Yes,7,3,87,Library
7,51,Yes,5,0,43,Library
4,53,Yes,8,1,37,Library
1,95,Yes,9,0,68,Library
2,57,No,6,2,32,Library
5,66,Yes,4,3,49,Library
5,67,Yes,9,0,56,Library
8,57,No,8,5,52,Library
6,55,No,7,1,41,Library
8,91,No,8,9,87,Library
2,55,Yes,4,4,34,Library
3,52,No,4,7,32,Library
6,97,No,9,3,89,Library
3,68,Yes,7,4,46,Library
6,48,No,7,8,36,Library
6,65,Yes,5,1,51,Library
2,67,Yes,4,1,46,Library
7,80,Yes,7,5,72,Library
2,52,Yes,4,5,27,Library
6,75,Yes,5,2,59,Library
1,48,No,6,8,25,Library
3,86,Yes,4,0,67,Library
2,53,No,5,2,24,Library
7,90,Yes,5,7,82,Library
4,51,No,5,7,35,Library
8,92,Yes,8,3,88,Library
6,97,Yes,9,7,87,Library
4,96,Yes,7,9,79,Library
5,71,No,4,7,58,Library
9,77,No,9,0,76,Library
7,42,No,8,2,34,Library
9,97,Yes,4,0,95,Library
7,96,Yes,9,1,93,Library
1,93,No,8,3,67,Library
8,91,Yes,7,2,85,Library
4,55,No,5,5,36,Library
3,59,Yes,9,4,38,Library
7,71,No,9,4,66,Library
3,95,No,4,9,78,Library
8,62,Yes,5,6,58,Library
6,56,No,7,6,48,Library
5,55,Yes,4,8,41,Library
4,77,Yes,6,7,61,Library
8,47,Yes,6,2,42,Library
8,58,No,6,1,50,Library
1,69,No,7,0,40,Library
9,96,No,6,9,94,Library
5,97,Yes,9,5,84,Library
4,73,Yes,4,3,59,Library
6,53,No,9,2,39,Library
6,61,Yes,6,1,49,Library
2,83,Yes,4,1,59,Library
8,56,No,9,3,49,Library
7,99,No,7,0,89,Library
1,98,Yes,5,5,73,Library
5,54,Yes,9,9,40,Library
6,89,No,8,4,79,Library
4,87,No,6,9,74,Library
2,71,Yes,8,8,49,Library
4,52,Yes,5,1,35,Library
1,60,Yes,7,8,39,Library
7,88,No,9,8,83,Library
2,79,Yes,7,9,56,Library
2,72,Yes,5,8,46,Library
9,96,Yes,8,9,95,Library
5,97,Yes,9,9,86,Library
2,66,Yes,6,3,39,Library
9,74,Yes,4,4,70,Library
9,55,No,7,7,51,Library
1,67,No,5,7,41,Library
3,73,No,9,0,53,Library
4,86,Yes,8,9,71,Library
7,40,No,6,0,31,Library
4,80,Yes,8,9,63,Library
2,87,Yes,6,5,61,Library
7,70,Yes,9,6,65,Library
6,75,Yes,4,1,63,Library
3,83,Yes,4,1,63,Library
6,72,No,5,4,58,Library
6,72,No,5,8,62,Library
5,78,No,6,4,61,Library
4,57,Yes,6,7,40,Library
1,62,No,6,7,39,Library
6,99,Yes,6,4,89,Library
2,62,No,9,7,40,Library
3,54,No,9,7,35,Library
8,65,No,4,4,55,Library
6,69,No,5,4,60,Library
3,64,No,5,3,45,Library
7,84,No,7,0,76,Library
4,55,Yes,5,8,38,Library
9,78,Yes,5,1,73,Library
5,87,Yes,8,0,72,Library
3,84,Yes,8,5,68,Library
2,53,Yes,7,4,27,Library
2,56,No,6,0,33,Library
3,51,Yes,7,6,28,Library
2,68,Yes,7,6,46,Library
4,71,Yes,4,2,52,Library
2,95,Yes,9,7,72,Library
9,63,Yes,5,5,58,Library
2,91,Yes,4,3,69,Library
9,52,Yes,9,9,54,Library
6,95,Yes,5,9,85,Library
1,59,Yes,7,9,33,Library
4,54,No,5,2,33,Library
1,95,Yes,6,0,67,Library
6,92,Yes,6,1,80,Library
4,43,No,7,1,25,Library
3,93,No,8,4,76,Library
3,73,Yes,6,3,53,Library
9,67,Yes,7,1,63,Library
6,89,Yes,4,8,75,Library
9,41,No,8,6,38,Library
5,96,Yes,6,7,79,Library
2,86,No,7,7,63,Library
8,69,No,7,1,60,Library
5,65,No,4,4,49,Library
2,90,No,4,2,66,Library
4,86,No,8,9,71,Library
9,65,Yes,9,8,66,Library
4,59,Yes,6,8,41,Library
4,81,No,7,5,67,Library
2,67,No,8,3,46,Library
6,95,No,8,7,86,Library
2,59,No,4,4,37,Library
7,50,Yes,7,2,42,Library
3,97,No,5,7,77,Library
3,49,No,9,5,32,Library
5,62,Yes,9,4,47,Library
3,76,Yes,4,0,54,Library
2,80,Yes,7,2,60,Library
9,91,Yes,8,6,89,Library
2,58,No,9,2,34,Library
2,84,No,8,0,59,Library
8,57,No,6,7,52,Library
9,88,No,5,6,84,Library
7,66,No,4,4,57,Library
3,45,No,9,9,30,Library
9,49,No,6,4,47,Library
3,41,No,6,5,15,Library
5,63,No,5,6,49,Library
9,77,Yes,4,2,74,Library
3,67,No,4,3,45,Library
7,67,Yes,8,0,61,Library
1,92,Yes,4,6,67,Library
4,84,Yes,6,9,64,Library
4,89,Yes,8,1,73,Library
7,78,No,4,6,68,Library
8,41,Yes,5,5,33,Library
1,85,Yes,6,3,60,Library
5,44,No,7,1,30,Library
7,89,Yes,5,6,82,Library
4,50,No,5,6,33,Library
4,49,No,4,4,28,Library
4,82,No,8,8,64,Library
6,98,No,8,2,88,Library
7,41,Yes,6,8,35,Library
2,54,No,4,4,30,Library
5,78,Yes,8,1,60,Library
4,80,Yes,9,8,66,Library
3,76,No,7,0,52,Library
7,46,Yes,9,0,39,Library
6,59,No,4,6,45,Library
7,73,Yes,4,2,64,Library
5,74,Yes,8,7,66,Library
6,73,Yes,5,6,61,Library
5,92,Yes,4,6,76,Library
7,61,No,5,0,49,Library
2,70,No,6,0,43,Library
5,62,Yes,6,1,45,Library
6,58,Yes,8,1,49,Library
6,43,Yes,6,4,27,Library
5,63,Yes,9,8,50,Library
7,59,No,9,6,52,Library
8,78,Yes,9,1,72,Library
7,67,Yes,8,4,62,Library
5,93,Yes,8,4,80,Library
1,78,No,9,7,53,Library
5,56,Yes,5,8,42,Library
2,58,No,9,7,37,Library
5,93,No,5,1,77,Library
5,87,Yes,6,3,73,Library
2,74,Yes,5,1,46,Library
5,71,Yes,4,5,54,Library
4,86,No,7,3,70,Library
1,85,No,4,6,60,Library
3,86,Yes,4,1,67,Library
1,85,No,8,8,58,Library
5,78,Yes,7,4,63,Library
4,96,Yes,8,0,83,Library
7,74,Yes,5,2,64,Library
5,69,Yes,9,3,57,Library
4,56,Yes,5,2,45,Library
2,81,Yes,7,5,61,Library
4,86,No,6,5,68,Library
2,68,No,5,9,45,Library
8,45,No,4,6,39,Library
3,99,Yes,7,8,77,Library
9,56,Yes,7,9,55,Library
4,56,Yes,5,8,38,Library
6,53,No,5,6,40,Library
5,63,Yes,8,0,49,Library
1,96,No,8,2,74,Library
9,89,Yes,4,4,86,Library
1,96,No,7,9,72,Library
8,76,Yes,6,5,72,Library
9,79,Yes,6,5,77,Library
9,78,No,7,4,76,Library
1,94,No,4,5,67,Library
2,71,No,8,8,52,Library
1,75,Yes,8,0,52,Library
2,89,No,8,0,67,Library
8,76,No,6,8,66,Library
5,87,Yes,6,7,74,Library
7,53,Yes,4,8,40,Library
2,66,No,6,6,44,Library
8,98,Yes,5,9,97,Library
6,58,No,6,5,48,Library
8,70,No,8,8,65,Library
1,85,No,4,1,57,Library
1,48,Yes,7,3,19,Library
7,77,No,7,1,68,Library
8,56,No,4,5,48,Library
3,58,Yes,5,0,34,Library
5,83,No,7,6,67,Library
1,43,No,8,6,15,Library
7,87,No,7,6,83,Library
5,96,Yes,7,3,83,Library
8,50,No,8,7,46,Library
8,61,Yes,6,4,57,Library
9,43,Yes,5,1,42,Library
7,56,No,8,4,51,Library
1,47,No,8,9,24,Library
3,85,Yes,9,8,64,Library
8,98,No,4,9,94,Library
3,73,No,5,0,50,Library
8,50,Yes,6,1,41,Library
1,70,No,9,9,45,Library
5,50,No,8,7,37,Library
4,95,Yes,9,4,75,Library
5,93,No,6,8,80,Library
8,95,Yes,9,5,94,Library
4,77,Yes,9,7,62,Library
4,92,No,9,0,73,Library
3,60,Yes,8,8,43,Library
7,85,No,8,8,78,Library
3,69,No,4,2,51,Library
3,49,Yes,7,0,24,Library
5,65,Yes,5,7,46,Library
5,66,Yes,4,7,51,Library
6,47,Yes,6,8,35,Library
8,78,Yes,9,5,75,Library
6,47,Yes,8,8,38,Library
1,99,No,9,9,79,Library
8,47,No,8,8,42,Library
8,94,Yes,5,3,89,Library
9,73,No,4,4,66,Library
9,98,Yes,4,5,100,Library
2,55,Yes,6,5,34,Library
2,80,No,4,9,59,Library
3,52,No,4,1,28,Library
1,62,Yes,7,3,39,Library
4,51,Yes,5,8,36,Library
4,66,Yes,9,6,52,Library
9,61,No,4,8,57,Library
9,71,Yes,6,5,66,Library
9,96,Yes,9,6,95,Library
7,88,No,8,8,79,Library
2,66,No,4,3,42,Library
5,41,No,4,8,23,Library
4,84,Yes,9,2,67,Library
8,72,Yes,8,7,64,Library
2,65,No,7,2,43,Library
6,67,Yes,5,2,56,Library
5,58,Yes,7,2,43,Library
2,82,No,6,8,55,Library
1,44,No,9,9,16,Library
8,72,Yes,4,2,65,Library
2,59,No,7,5,38,Library
7,69,No,5,3,57,Library
9,84,Yes,6,1,83,Library
9,47,Yes,7,2,47,Library
8,77,Yes,4,4,71,Library
9,56,Yes,5,9,56,Library
2,83,Yes,4,3,57,Library
6,40,Yes,4,4,23,Library
4,42,No,6,0,27,Library
4,85,No,5,3,65,Library
5,65,No,8,9,54,Library
3,70,Yes,4,2,50,Library
1,47,Yes,5,1,23,Library
8,82,Yes,4,6,77,Library
5,98,Yes,7,9,83,Library
3,85,Yes,7,8,66,Library
7,47,No,5,0,38,Library
7,74,Yes,6,6,65,Library
1,78,No,8,0,54,Library
9,67,Yes,7,4,65,Library
2,90,No,6,0,68,Library
5,43,No,8,2,31,Library
5,96,No,7,7,83,Library
8,55,No,8,3,49,Library
8,52,No,9,0,45,Library
7,59,No,4,0,46,Library
7,90,No,5,7,85,Library
6,44,Yes,7,7,33,Library
6,94,Yes,7,3,83,Library
9,76,No,4,3,71,Library
6,59,Yes,7,9,49,Library
2,63,Yes,7,1,39,Library
2,75,No,9,1,51,Library
5,73,Yes,7,5,57,Library
4,97,No,7,7,81,Library
2,84,Yes,7,6,65,Library
3,87,No,6,6,66,Library
7,93,Yes,7,2,86,Library
8,73,No,4,1,66,Library
6,58,Yes,9,9,50,Library
5,56,Yes,7,6,46,Library
1,44,Yes,8,3,20,Library
8,64,No,9,0,58,Library
3,57,No,9,0,38,Library
6,99,Yes,8,3,91,Library
3,94,Yes,4,4,77,Library
7,92,No,6,4,83,Library
7,89,Yes,4,0,79,Library
9,47,Yes,6,2,50,Library
5,66,No,5,5,51,Library
8,54,No,8,9,49,Library
8,84,Yes,9,6,79,Library
1,52,No,9,0,26,Library
5,55,Yes,9,7,42,Library
3,61,Yes,8,3,42,Library
1,59,No,8,8,35,Library
4,52,Yes,6,5,31,Library
8,59,No,9,0,50,Library
3,41,No,4,1,18,Library
2,74,Yes,6,2,50,Library
9,86,No,9,1,82,Library
5,94,Yes,8,9,78,Library
7,58,No,8,6,53,Library
2,84,Yes,8,0,65,Library
9,76,No,9,8,76,Library
9,97,Yes,8,1,94,Library
4,93,Yes,5,3,79,Library
4,45,No,8,7,27,Library
6,53,Yes,9,2,43,Library
6,43,Yes,6,8,30,Library
1,61,Yes,8,6,37,Library
9,90,Yes,7,9,90,Library
2,94,Yes,5,2,68,Library
5,78,Yes,9,2,64,Library
9,75,No,8,4,73,Library
4,73,No,7,4,53,Library
3,66,No,9,9,46,Library
7,46,No,6,4,37,Library
6,42,Yes,5,8,29,Library
8,86,Yes,8,8,80,Library
3,72,No,6,5,52,Library
5,41,Yes,9,6,29,Library
4,81,No,7,9,70,Library
4,55,Yes,9,7,40,Library
4,64,Yes,9,8,49,Library
8,99,No,5,5,92,Library
6,54,Yes,8,7,46,Library
3,63,No,6,1,42,Library
5,54,No,5,9,41,Library
6,70,No,7,7,60,Library
5,53,Yes,8,1,41,Library
6,93,Yes,5,7,83,Library
8,53,No,7,1,43,Library
7,45,Yes,7,2,36,Library
5,53,No,6,6,38,Library
6,56,No,9,8,47,Library
4,57,Yes,7,2,40,Library
9,59,No,7,4,59,Library
4,90,Yes,9,8,76,Library
1,56,Yes,4,6,31,Library
7,55,Yes,7,1,44,Library
7,79,No,8,4,71,Library
4,78,No,5,4,59,Library
3,91,Yes,9,8,69,Library
8,71,Yes,9,1,63,Library
5,99,No,9,0,87,Library
7,83,Yes,8,3,77,Library
4,48,Yes,9,3,31,Library
4,66,No,8,0,47,Library
8,85,No,6,9,78,Library
8,91,No,4,6,86,Library
2,72,Yes,9,1,48,Library
2,49,No,4,8,24,Library
3,56,No,9,6,39,Library
3,88,No,8,6,71,Library
1,88,No,5,0,60,Library
3,75,No,4,8,54,Library
6,56,No,4,9,45,Library
8,57,No,8,8,51,Library
6,91,Yes,4,1,78,Library
5,62,No,6,9,48,Library
4,73,Yes,8,8,59,Library
3,47,Yes,4,1,28,Library
4,52,No,4,1,35,Library
7,62,Yes,4,7,55,Library
1,96,No,8,2,69,Library
7,93,Yes,5,2,87,Library
1,59,No,7,6,32,Library
2,61,Yes,9,9,37,Library
4,86,No,4,5,66,Library
1,91,No,7,6,66,Library
9,62,Yes,7,5,56,Library
6,80,Yes,4,8,70,Library
1,74,No,4,1,48,Library
1,42,Yes,9,7,17,Library
6,73,No,7,5,59,Library
4,72,Yes,5,3,56,Library
4,85,No,7,5,66,Library
6,56,Yes,5,5,41,Library
7,84,No,6,9,76,Library
9,58,Yes,5,2,54,Library
5,69,No,9,7,57,Library
9,62,Yes,8,4,62,Library
4,54,No,4,9,38,Library
2,98,Yes,6,3,73,Library
3,96,Yes,7,1,72,Library
1,53,No,5,9,28,Library
6,41,Yes,6,0,28,Library
6,78,Yes,8,6,67,Library
1,88,No,5,9,62,Library
3,57,No,9,2,36,Library
5,45,No,7,2,33,Library
3,98,No,7,2,74,Library
3,71,Yes,5,9,52,Library
3,60,Yes,8,2,38,Library
5,79,Yes,4,1,62,Library
5,67,No,4,5,50,Library
4,66,Yes,7,9,48,Library
1,41,Yes,8,2,15,Library
5,72,No,7,0,51,Library
5,55,Yes,4,9,37,Library
4,78,Yes,7,8,59,Library
6,61,No,5,5,46,Library
4,95,Yes,9,5,78,Library
7,82,No,5,9,74,Library
7,86,No,9,8,78,Library
2,52,Yes,8,1,27,Library
3,95,Yes,4,9,74,Library
1,41,Yes,8,8,15,Library
8,53,No,8,2,46,Library
9,95,No,4,2,90,Library
4,77,Yes,6,2,58,Library
6,80,Yes,6,0,65,Library
9,67,No,7,9,65,Library
6,46,Yes,6,6,36,Library
9,57,Yes,5,9,52,Library
4,95,No,9,6,79,Library
8,80,Yes,8,1,74,Library
9,94,Yes,7,5,93,Library
4,75,Yes,8,3,57,Library
5,80,Yes,4,6,65,Library
8,75,No,6,6,69,Library
6,83,No,4,3,71,Library
7,43,No,7,2,31,Library
3,96,No,9,6,78,Library
7,69,Yes,5,8,60,Library
8,63,Yes,6,3,58,Library
6,59,Yes,4,5,46,Library
9,85,Yes,9,6,87,Library
6,95,No,6,9,81,Library
9,70,Yes,8,2,69,Library
4,63,Yes,5,4,46,Library
8,46,No,9,0,41,Library
4,65,No,6,5,50,Library
2,52,No,5,4,24,Library
9,93,Yes,9,6,97,Library
5,47,No,8,8,35,Library
4,94,Yes,8,3,82,Library
2,44,Yes,4,8,24,Library
1,83,No,7,5,59,Library
7,52,No,4,4,42,Library
6,68,No,5,1,56,Library
2,59,Yes,4,0,30,Library
8,53,Yes,9,7,49,Library
4,71,Yes,6,5,56,Library
8,99,No,9,6,98,Library
7,89,Yes,4,5,79,Library
5,66,Yes,7,9,54,Library
8,95,Yes,9,6,93,Library
9,64,Yes,9,8,63,Library
5,91,No,9,4,76,Library
5,43,Yes,7,0,27,Library
2,60,No,9,0,35,Library
5,57,No,5,8,39,Library
3,78,Yes,8,4,59,Library
7,54,Yes,7,1,50,Library
5,92,No,5,2,77,Library
8,77,Yes,7,0,70,Library
1,87,No,7,5,62,Library
3,91,Yes,8,5,71,Library
3,63,Yes,6,2,39,Library
9,47,No,5,2,41,Library
5,67,Yes,7,6,51,Library
9,60,No,7,0,52,Library
9,55,No,4,4,49,Library
1,99,Yes,9,2,76,Library
2,93,No,6,4,71,Library
5,55,Yes,8,3,42,Library
4,74,Yes,5,5,60,Library
9,56,Yes,7,8,53,Library
7,48,No,9,1,40,Library
6,96,Yes,5,9,85,Library
7,74,Yes,8,7,70,Library
1,91,No,6,1,63,Library
1,68,No,4,3,42,Library
8,78,No,6,8,73,Library
2,57,No,4,3,35,Library
9,51,Yes,5,6,48,Library
7,58,Yes,6,4,49,Library
6,87,Yes,6,1,75,Library
1,61,Yes,6,7,35,Library
1,98,No,8,9,70,Library
2,95,No,5,9,71,Library
6,88,Yes,4,1,74,Library
6,91,No,6,2,77,Library
2,54,No,5,9,30,Library
1,40,No,9,6,13,Library
5,41,No,8,4,26,Library
5,47,No,8,9,35,Library
2,61,Yes,9,2,40,Library
6,64,Yes,5,1,55,Library
9,41,No,4,5,37,Library
2,90,No,5,9,64,Library
2,48,Yes,5,0,23,Library
3,48,Yes,7,7,27,Library
7,52,No,8,4,42,Library
6,45,No,4,4,34,Library
8,69,No,7,1,63,Library
8,54,Yes,9,6,50,Library
6,90,No,5,4,75,Library
3,92,No,9,7,74,Library
3,54,No,8,4,39,Library
1,89,No,7,8,63,Library
7,46,No,7,4,36,Library
5,97,No,4,2,84,Library
4,50,No,5,1,30,Library
4,79,No,4,4,60,Library
4,77,Yes,7,9,61,Library
6,79,Yes,7,9,70,Library
8,41,Yes,4,4,32,Library
8,90,No,7,5,87,Library
5,87,Yes,6,1,72,Library
6,78,Yes,8,4,68,Library
4,49,Yes,5,0,29,Library
9,83,Yes,8,2,78,Library
8,56,Yes,5,2,45,Library
1,46,No,7,2,20,Library
2,93,Yes,4,2,66,Library
9,79,No,4,7,77,Library
8,78,No,7,0,72,Library
3,43,Yes,5,5,26,Library
8,74,No,7,5,67,Library
1,90,Yes,5,0,67,Library
4,86,No,7,0,68,Library
3,75,No,7,2,56,Library
6,70,Yes,7,7,61,Library
7,64,No,4,5,50,Library
4,80,No,5,3,68,Library
7,52,No,9,4,47,Library
9,57,No,7,9,56,Library
2,60,No,8,2,40,Library
3,87,No,8,5,68,Library
5,40,No,4,5,26,Library
3,75,No,6,5,55,Library
8,89,Yes,9,8,84,Library
8,47,No,4,9,40,Library
8,91,Yes,6,7,85,Library
9,87,Yes,4,5,85,Library
4,60,No,8,1,40,Library
5,82,No,7,3,68,Library
5,91,Yes,5,5,74,Library
8,92,Yes,7,8,90,Library
7,92,Yes,8,1,82,Library
9,60,No,5,5,57,Library
8,66,No,6,9,61,Library
2,58,No,6,9,38,Library
4,62,Yes,8,9,46,Library
6,90,No,5,6,80,Library
2,89,No,7,7,67,Library
7,90,No,8,8,84,Library
3,82,No,6,4,58,Library
3,74,Yes,8,8,55,Library
2,79,No,7,8,57,Library
8,91,No,4,6,87,Library
6,90,Yes,9,1,80,Library
1,81,No,9,7,54,Library
1,87,Yes,9,4,64,Library
7,44,Yes,4,7,33,Library
8,91,No,7,1,83,Library
5,80,Yes,5,6,66,Library
5,47,No,8,4,33,Library
4,50,Yes,7,3,31,Library
6,55,Yes,4,9,40,Library
6,78,No,6,5,66,Library
3,86,Yes,9,4,67,Library
9,63,No,9,5,64,Library
7,60,No,7,8,52,Library
1,91,No,9,0,68,Library
7,62,No,9,0,58,Library
5,88,Yes,7,5,72,Library
5,77,No,7,1,65,Library
2,86,Yes,4,7,65,Library
4,47,No,4,6,24,Library
6,46,Yes,9,5,35,Library
7,41,Yes,7,3,34,Library
5,69,Yes,7,8,57,Library
9,52,Yes,9,6,54,Library
3,62,No,5,6,42,Library
1,68,No,6,4,39,Library
4,77,Yes,8,0,62,Library
9,76,Yes,8,1,71,Library
4,59,No,9,7,42,Library
2,72,Yes,8,4,52,Library
5,68,Yes,4,1,54,Library
3,89,No,4,4,68,Library
9,54,Yes,5,7,50,Library
4,62,Yes,9,3,46,Library
6,81,No,4,2,68,Library
2,42,Yes,9,4,19,Library
6,76,No,9,6,68,Library
3,95,No,7,1,74,Library
9,68,No,6,0,63,Library
2,84,No,6,4,60,Library
9,47,Yes,9,6,47,Library
5,61,No,6,7,47,Library
8,92,No,6,7,87,Library
2,68,Yes,8,9,45,Library
6,41,No,8,8,31,Library
3,80,Yes,7,0,61,Library
5,88,No,5,6,73,Library
8,98,No,4,9,92,Library
1,89,No,4,7,65,Library
5,84,No,8,5,69,Library
3,40,Yes,9,9,20,Library
4,83,Yes,6,3,66,Library
2,59,Yes,7,6,38,Library
9,91,No,5,2,81,Library
3,60,No,8,1,39,Library
2,76,No,9,5,53,Library
9,47,Yes,7,1,44,Library
7,66,No,9,5,58,Library
6,86,Yes,7,9,79,Library
1,98,Yes,8,2,75,Library
5,74,Yes,7,1,59,Library
3,45,No,6,7,23,Library
1,99,No,7,3,74,Library
4,84,No,5,3,65,Library
2,83,No,7,6,60,Library
2,58,Yes,4,7,32,Library
3,57,Yes,7,8,38,Library
8,95,No,9,9,91,Library
8,40,No,8,7,34,Library
7,64,No,4,3,46,Library
6,66,Yes,8,1,55,Library
9,46,No,9,9,43,Library
4,83,Yes,5,4,67,Library
1,81,Yes,6,6,56,Library
8,68,Yes,5,1,58,Library
7,70,Yes,4,3,60,Library
7,83,Yes,9,5,77,Library
3,82,Yes,9,7,69,Library
4,75,Yes,6,9,60,Library
9,58,No,7,5,52,Library
6,45,No,4,5,36,Library
5,64,No,6,5,49,Library
3,70,Yes,8,3,50,Library
9,48,Yes,6,2,48,Library
5,59,No,8,0,43,Library
5,49,Yes,8,1,34,Library
4,76,Yes,9,1,57,Library
4,66,Yes,6,9,50,Library
1,52,Yes,9,6,28,Library
7,80,Yes,9,5,72,Library
9,41,Yes,5,7,38,Library
3,89,Yes,5,8,68,Library
2,60,Yes,9,4,41,Library
3,72,Yes,9,2,53,Library
1,63,Yes,8,3,36,Library
6,92,Yes,9,7,80,Library
7,83,Yes,4,2,73,Library
2,81,No,6,1,59,Library
8,73,Yes,4,6,67,Library
6,99,Yes,5,3,91,Library
4,48,No,4,7,34,Library
5,41,No,7,0,23,Library
8,94,No,7,7,86,Library
3,95,Yes,5,4,73,Library
3,69,Yes,4,1,49,Library
4,61,No,6,0,43,Library
1,85,No,5,5,61,Library
9,50,No,7,8,45,Library
8,94,Yes,5,8,85,Library
8,82,Yes,4,8,75,Library
6,56,No,4,3,44,Library
7,75,Yes,4,5,66,Library
6,52,Yes,8,9,45,Library
9,46,No,4,5,40,Library
3,55,No,9,4,38,Library
3,72,No,7,1,50,Library
3,84,Yes,7,6,67,Library
3,40,Yes,8,0,21,Library
9,50,Yes,7,5,51,Library
4,45,Yes,7,4,25,Library
7,59,Yes,5,4,53,Library
9,74,No,4,7,71,Library
7,83,Yes,9,8,77,Library
9,76,Yes,9,6,75,Library
3,80,No,5,9,60,Library
4,65,No,9,7,49,Library
8,97,No,5,1,87,Library
6,51,No,9,1,40,Library
5,69,Yes,7,7,56,Library
4,67,Yes,6,5,49,Library
8,66,No,4,7,59,Library
1,81,Yes,6,8,59,Library
9,58,No,7,8,54,Library
1,44,Yes,8,5,17,Library
8,97,Yes,5,7,90,Library
4,44,Yes,9,1,23,Library
9,80,No,9,7,82,Library
5,66,No,7,2,49,Library
3,67,Yes,9,0,50,Library
9,65,Yes,7,6,60,Library
9,66,No,6,0,60,Library
4,91,No,8,0,74,Library
4,88,Yes,5,0,71,Library
8,81,Yes,9,3,77,Library
2,60,No,8,3,34,Library
9,40,Yes,8,9,39,Library
6,93,No,8,5,85,Library
9,67,No,4,9,64,Library
8,87,Yes,8,2,87,Library
7,97,Yes,7,9,91,Library
1,97,Yes,4,5,73,Library
3,54,No,4,6,34,Library
2,94,No,8,0,70,Library
5,56,No,9,5,42,Library
5,65,Yes,9,9,55,Library
5,59,Yes,9,0,45,Library
4,64,No,9,6,49,Library
5,52,No,7,9,37,Library
3,72,Yes,9,4,55,Library
1,64,No,5,9,38,Library
5,47,Yes,8,3,35,Library
9,44,Yes,4,0,41,Library
9,45,No,5,8,43,Library
4,62,No,9,6,46,Library
3,91,No,5,1,69,Library
1,69,No,4,3,37,Library
2,53,No,9,3,31,Library
8,93,Yes,5,7,90,Library
1,62,No,7,1,33,Library
8,50,Yes,7,4,44,Library
7,70,No,8,9,62,Library
8,45,No,8,7,41,Library
6,50,No,5,5,38,Library
9,52,No,4,3,45,Library
3,51,No,7,4,34,Library
4,93,No,6,1,72,Library
6,41,Yes,8,4,29,Library
8,92,No,7,2,83,Library
5,74,No,9,2,61,Library
3,94,No,5,6,75,Library
6,75,No,7,2,63,Library
4,56,Yes,7,3,36,Library
9,67,Yes,5,6,62,Library
3,67,Yes,8,2,49,Library
4,61,Yes,8,9,46,Library
7,77,Yes,6,9,69,Library
7,46,Yes,6,1,35,Library
4,54,No,8,9,38,Library
6,71,No,8,6,62,Library
3,50,Yes,8,4,30,Library
6,63,No,8,0,52,Library
2,42,No,7,9,16,Library
8,69,No,6,7,66,Library
2,45,No,5,2,20,Library
7,97,No,4,6,86,Library
9,41,Yes,5,5,38,Library
1,53,Yes,9,9,30,Library
8,80,Yes,4,5,71,Library
7,57,Yes,7,7,49,Library
6,90,Yes,9,3,79,Library
6,83,Yes,6,3,69,Library
6,70,No,4,2,56,Library
9,52,Yes,8,0,47,Library
2,65,No,9,9,41,Library
1,83,No,7,2,58,Library
6,51,Yes,4,0,38,Library
8,57,Yes,8,5,52,Library
3,48,Yes,9,7,25,Library
1,88,No,7,2,62,Library
9,60,Yes,9,3,60,Library
1,87,Yes,4,4,63,Library
3,88,Yes,8,6,72,Library
8,92,No,6,5,84,Library
3,95,Yes,7,1,74,Library
4,79,Yes,4,6,61,Library
8,82,No,8,7,77,Library
1,63,No,6,0,36,Library
6,73,No,9,5,65,Library
1,47,Yes,8,8,23,Library
1,83,Yes,6,6,60,Library
8,92,No,4,4,83,Library
4,72,Yes,8,9,56,Library
1,62,No,8,9,37,Library
7,52,No,5,8,43,Library
5,93,No,7,1,76,Library
5,92,No,8,6,83,Library
1,88,No,6,8,63,Library
6,53,Yes,7,1,39,Library
9,53,Yes,4,9,48,Library
9,55,Yes,7,5,53,Library
8,88,Yes,5,8,84,Library
5,77,No,4,2,63,Library
1,97,Yes,8,7,73,Library
9,99,No,9,4,99,Library
1,78,No,4,6,52,Library
8,65,Yes,4,2,58,Library
5,65,Yes,5,7,50,Library
3,40,No,6,1,18,Library
7,71,Yes,4,7,62,Library
7,96,Yes,6,1,87,Library
9,54,Yes,7,6,53,Library
7,91,Yes,9,1,87,Library
3,60,No,5,6,37,Library
1,57,No,8,0,31,Library
8,69,Yes,4,5,63,Library
3,99,No,9,9,81,Library
8,97,No,9,6,95,Library
8,52,Yes,6,3,45,Library
5,63,Yes,4,0,48,Library
1,69,No,9,5,47,Library
7,41,No,5,3,31,Library
5,58,No,8,2,43,Library
8,86,Yes,7,3,82,Library
9,83,No,7,5,80,Library
7,86,No,6,4,76,Library
7,64,Yes,9,1,57,Library
1,89,No,7,1,64,Library
4,53,Yes,6,2,35,Library
2,45,Yes,8,5,24,Library
2,51,No,4,0,30,Library
2,59,Yes,5,6,38,Library
4,62,Yes,8,7,45,Library
1,69,No,8,6,44,Library
4,69,Yes,7,2,53,Library
2,77,No,7,5,53,Library
5,97,Yes,5,3,84,Library
3,69,Yes,4,4,47,Library
8,80,No,8,2,76,Library
4,69,No,9,4,57,Library
1,96,No,7,5,71,Library
1,97,Yes,8,7,74,Library
3,75,No,4,5,54,Library
9,88,Yes,6,8,84,Library
7,73,No,4,9,62,Library
2,55,Yes,8,9,35,Library
9,63,No,8,9,62,Library
2,53,Yes,5,9,30,Library
3,65,No,8,3,47,Library
2,47,Yes,7,1,25,Library
3,53,Yes,9,8,40,Library
6,70,Yes,5,2,56,Library
9,41,Yes,8,6,38,Library
9,87,No,4,3,86,Library
7,43,Yes,8,0,38,Library
3,40,No,4,7,17,Library
4,94,Yes,4,3,75,Library
6,59,No,8,5,48,Library
5,98,Yes,4,6,87,Library
2,53,Yes,9,7,32,Library
6,79,No,6,9,68,Library
3,64,No,5,1,42,Library
8,99,Yes,8,8,96,Library
2,64,No,6,9,42,Library
1,42,No,4,2,18,Library
9,44,No,4,0,41,Library
3,77,Yes,5,1,54,Library
1,93,No,6,7,67,Library
7,65,Yes,6,9,57,Library
5,79,No,8,5,65,Library
5,77,No,4,0,62,Library
1,77,Yes,7,8,56,Library
9,43,No,8,6,39,Library
7,46,No,8,9,38,Library
8,69,No,8,2,65,Library
9,69,No,5,6,68,Library
6,95,No,5,5,82,Library
5,58,No,8,2,44,Library
6,78,No,9,7,67,Library
2,74,Yes,7,0,53,Library
4,79,Yes,6,4,61,Library
3,72,Yes,6,7,53,Home
7,72,Yes,4,2,61,Home
9,53,Yes,6,9,49,Home
5,77,No,6,5,61,Home
6,49,Yes,7,9,38,Home
2,96,Yes,6,1,76,Home
3,67,No,7,8,47,Home
3,53,Yes,5,1,32,Home
9,75,No,7,4,71,Home
7,77,No,5,2,69,Home
8,55,Yes,7,9,53,Home
9,99,Yes,8,8,100,Home
6,60,No,9,8,49,Home
4,67,No,5,6,48,Home
1,72,Yes,5,9,45,Home
8,45,No,6,4,40,Home
7,80,Yes,5,8,71,Home
2,54,Yes,7,6,34,Home
8,83,Yes,8,1,76,Home
5,42,Yes,8,9,29,Home
7,82,No,6,0,71,Home
4,86,No,7,9,69,Home
5,74,Yes,7,9,58,Home
8,53,Yes,4,3,43,Home
1,41,No,5,9,17,Home
1,68,No,6,7,41,Home
4,43,No,8,5,27,Home
3,65,No,9,1,45,Home
2,90,No,4,4,65,Home
3,51,Yes,7,8,31,Home
1,41,Yes,5,5,14,Home
1,56,Yes,8,5,33,Home
6,74,Yes,4,6,60,Home
5,49,No,7,4,34,Home
8,87,No,8,2,82,Home
2,61,Yes,8,2,40,Home
4,80,Yes,7,4,66,Home
8,82,No,7,3,76,Home
6,60,Yes,6,4,46,Home
1,54,Yes,8,8,31,Home
4,74,No,7,4,57,Home
1,87,No,9,3,65,Home
2,60,No,9,3,38,Home
5,60,Yes,4,0,46,Home
8,60,No,5,9,53,Home
8,99,No,9,3,97,Home
3,83,Yes,6,3,63,Home
4,71,No,7,8,55,Home
6,94,Yes,5,3,79,Home
3,44,Yes,6,6,26,Home
2,78,Yes,8,0,55,Home
6,48,Yes,5,6,37,Home
5,92,No,9,1,78,Home
5,57,Yes,6,7,45,Home
5,60,No,7,0,45,Home
5,47,No,7,9,34,Home
3,83,No,6,2,66,Home
7,91,No,8,7,79,Home
6,73,No,9,9,63,Home
4,49,Yes,6,7,32,Home
2,90,No,4,4,64,Home
9,80,Yes,6,4,78,Home
1,96,Yes,6,7,69,Home
4,63,Yes,9,9,46,Home
1,79,No,7,4,54,Home
6,63,No,8,8,51,Home
4,95,No,6,0,78,Home
5,71,No,5,4,54,Home
5,95,Yes,7,2,80,Home
9,72,No,7,2,67,Home
1,77,No,6,1,48,Home
2,83,Yes,9,2,61,Home
6,96,Yes,5,6,83,Home
5,95,Yes,6,7,82,Home
7,90,Yes,5,7,78,Home
3,98,Yes,7,7,78,Home
3,88,Yes,5,0,70,Home
2,73,Yes,6,6,48,Home
3,50,No,4,1,26,Home
1,70,No,4,9,46,Home
5,57,Yes,5,3,42,Home
5,62,Yes,9,4,46,Home
7,99,No,6,0,91,Home
4,61,Yes,8,3,47,Home
3,82,Yes,4,3,61,Home
1,57,Yes,7,8,31,Home
8,79,Yes,6,8,71,Home
3,86,Yes,6,9,66,Home
2,80,No,4,0,52,Home
4,86,Yes,8,7,71,Home
3,78,Yes,7,3,60,Home
1,59,Yes,8,3,32,Home
3,52,No,7,4,33,Home
2,84,No,4,1,56,Home
8,40,Yes,6,0,32,Home
6,91,Yes,7,4,76,Home
9,43,Yes,6,6,40,Home
8,63,Yes,5,9,60,Home
3,75,No,5,8,54,Home
5,75,No,4,1,59,Home
7,84,Yes,4,7,74,Home
5,41,Yes,9,6,29,Home
8,67,No,4,1,61,Home
5,65,No,5,4,50,Home
1,62,Yes,7,6,36,Home
5,54,Yes,8,2,41,Home
4,75,Yes,4,1,60,Home
6,66,No,8,5,56,Home
3,45,No,8,9,23,Home
5,74,No,5,5,63,Home
2,78,No,9,3,54,Home
6,77,Yes,7,0,64,Home
6,74,No,5,4,64,Home
5,75,No,4,0,58,Home
6,49,No,5,7,38,Home
7,69,Yes,5,1,60,Home
5,92,No,5,8,79,Home
1,80,No,4,8,57,Home
8,77,No,4,2,69,Home
4,68,Yes,5,5,51,Home
9,91,No,5,8,86,Home
6,98,Yes,8,6,90,Home
1,82,Yes,7,3,57,Home
3,78,No,8,2,61,Home
3,89,Yes,9,1,71,Home
4,43,No,7,9,30,Home
6,44,Yes,9,9,34,Home
7,43,Yes,7,0,34,Home
4,75,No,5,9,58,Home
6,98,No,8,0,85,Home
1,84,Yes,7,3,55,Home
8,55,Yes,9,3,51,Home
7,64,Yes,7,8,53,Home
9,53,Yes,4,9,51,Home
3,50,No,7,0,31,Home
2,68,Yes,5,3,44,Home
1,73,Yes,6,2,48,Home
3,61,No,4,8,41,Home
5,53,Yes,6,4,40,Home
2,95,No,5,8,72,Home
3,63,No,6,9,41,Home
4,98,No,7,5,78,Home
7,78,Yes,6,8,70,Home
3,65,No,8,0,41,Home
9,82,No,5,3,78,Home
8,75,No,8,3,70,Home
4,78,Yes,6,9,61,Home
1,55,Yes,8,9,33,Home
1,97,Yes,4,5,71,Home
1,77,Yes,6,9,51,Home
1,98,No,9,0,72,Home
8,71,No,8,9,69,Home
3,45,No,7,4,21,Home
6,73,Yes,6,2,61,Home
3,95,No,9,0,76,Home
5,47,Yes,4,5,30,Home
7,69,Yes,7,2,59,Home
2,66,Yes,6,3,45,Home
6,46,No,7,8,39,Home
6,66,No,6,1,53,Home
3,64,Yes,6,0,43,Home
6,95,No,5,9,85,Home
5,85,Yes,8,5,70,Home
2,80,No,6,0,56,Home
9,54,Yes,4,0,52,Home
8,64,Yes,9,6,65,Home
3,61,Yes,8,1,39,Home
8,57,No,5,3,48,Home
9,51,No,8,3,47,Home
3,62,No,8,1,41,Home
3,90,No,6,5,72,Home
2,84,No,4,9,61,Home
8,78,Yes,6,1,74,Home
1,64,No,4,7,38,Home
8,49,Yes,4,3,42,Home
7,69,No,7,0,60,Home
7,49,No,6,6,35,Home
3,73,No,5,5,52,Home
1,85,Yes,9,5,61,Home
4,52,No,8,2,32,Home
9,93,Yes,7,9,95,Home
5,68,No,5,6,53,Home
1,77,Yes,9,5,54,Home
5,80,Yes,9,9,70,Home
8,84,Yes,6,9,78,Home
8,48,Yes,4,8,42,Home
5,52,No,6,2,33,Home
9,76,No,9,2,75,Home
1,53,Yes,6,3,26,Home
4,76,No,7,2,58,Home
3,48,Yes,5,3,29,Home
2,47,No,9,5,29,Home
8,78,No,7,0,70,Home
7,79,No,5,1,67,Home
9,93,Yes,7,9,93,Home
2,42,No,8,5,21,Home
4,94,Yes,4,5,74,Home
6,95,No,4,0,82,Home
3,86,Yes,4,5,65,Home
8,79,No,8,8,75,Home
3,72,Yes,9,7,55,Home
2,71,Yes,9,9,54,Home
3,46,Yes,8,4,26,Home
6,58,No,4,3,48,Home
2,73,Yes,4,5,49,Home
8,53,No,5,4,49,Home
1,89,Yes,5,5,64,Home
7,86,Yes,6,9,81,Home
2,85,Yes,7,2,64,Home
6,95,No,5,6,82,Home
2,96,No,5,7,74,Home
2,58,No,5,4,32,Home
8,90,No,5,4,83,Home
2,93,No,8,3,68,Home
7,98,No,6,9,90,Home
3,65,No,5,4,44,Home
8,56,Yes,9,9,51,Home
7,93,Yes,7,7,86,Home
8,67,No,5,4,62,Home
7,58,No,8,8,48,Home
6,66,No,9,0,56,Home
7,87,No,4,6,79,Home
5,91,No,4,4,74,Home
7,96,Yes,6,3,82,Home
1,58,No,4,2,32,Home
1,72,No,5,9,46,Home
9,90,No,8,6,88,Home
5,46,Yes,6,1,35,Home
5,68,Yes,9,4,56,Home
3,94,Yes,5,1,74,Home
5,82,Yes,4,6,67,Home
3,44,No,7,5,23,Home
9,69,Yes,5,9,67,Home
9,88,Yes,7,6,86,Home
6,82,Yes,9,8,70,Home
1,95,Yes,7,1,68,Home
7,97,Yes,9,8,91,Home
7,47,No,6,6,42,Home
4,81,Yes,8,1,62,Home
8,51,Yes,4,9,44,Home
6,81,Yes,4,1,67,Home
4,52,No,5,3,35,Home
4,65,No,4,1,46,Home
2,57,No,6,0,31,Home
2,81,No,4,5,59,Home
4,90,No,5,9,71,Home
5,91,No,4,4,74,Home
8,88,No,8,2,80,Home
6,59,No,9,0,49,Home
4,55,Yes,7,8,39,Home
7,76,Yes,7,7,67,Home
8,42,No,9,5,38,Home
2,66,Yes,7,5,47,Home
7,54,No,8,3,41,Home
2,97,Yes,6,1,75,Home
2,73,Yes,5,3,53,Home
8,84,No,8,1,81,Home
2,61,Yes,5,6,37,Home
9,79,No,6,8,77,Home
1,62,No,8,1,36,Home
9,98,Yes,4,8,95,Home
1,88,No,6,8,65,Home
2,43,Yes,7,7,18,Home
6,90,Yes,8,0,80,Home
6,93,No,6,4,81,Home
1,96,No,6,9,73,Home
7,80,No,8,3,74,Home
8,62,No,7,6,57,Home
2,86,No,9,7,64,Home
8,99,Yes,7,9,97,Home
9,48,No,6,7,42,Home
6,63,Yes,5,1,48,Home
5,60,No,9,2,46,Home
9,80,Yes,9,9,79,Home
9,85,Yes,6,9,83,Home
1,94,Yes,8,6,70,Home
3,92,Yes,8,3,73,Home
9,55,Yes,8,5,56,Home
2,95,No,7,7,71,Home
4,94,Yes,4,7,76,Home
4,64,No,8,6,49,Home
2,65,Yes,8,1,43,Home
3,88,No,9,1,67,Home
3,84,Yes,5,2,63,Home
1,48,Yes,5,3,18,Home
6,54,No,6,0,43,Home
8,78,No,6,4,72,Home
3,72,Yes,6,6,57,Home
5,40,Yes,8,9,25,Home
1,44,No,5,4,15,Home
7,95,Yes,6,6,88,Home
1,48,Yes,5,4,24,Home
9,83,No,8,9,81,Home
8,45,Yes,9,7,40,Home
7,67,Yes,8,6,60,Home
7,84,No,6,0,73,Home
5,65,Yes,8,0,52,Home
5,67,No,8,4,53,Home
5,79,No,5,1,65,Home
1,54,Yes,4,8,30,Home
8,45,Yes,7,1,39,Home
1,66,No,6,8,43,Home
4,77,No,4,9,59,Home
9,43,Yes,9,1,38,Home
9,50,No,6,3,44,Home
5,60,Yes,4,2,44,Home
4,69,No,8,5,53,Home
3,57,No,6,3,37,Home
3,74,No,4,8,52,Home
5,42,Yes,7,8,30,Home
1,51,No,8,9,22,Home
5,66,No,6,8,51,Home
6,92,No,9,2,82,Home
7,69,No,9,2,63,Home
9,60,Yes,6,3,58,Home
3,77,No,4,8,58,Home
2,60,Yes,6,5,38,Home
3,99,No,8,8,80,Home
9,77,No,5,7,70,Home
7,79,Yes,9,6,72,Home
9,54,Yes,4,4,48,Home
2,57,No,7,8,36,Home
5,91,No,6,3,73,Home
4,68,No,8,3,51,Home
2,87,Yes,6,7,63,Home
9,77,No,7,3,74,Home
9,99,Yes,8,6,98,Home
6,60,No,7,3,45,Home
6,56,Yes,8,0,45,Home
8,80,Yes,5,9,74,Home
6,90,Yes,9,8,81,Home
1,57,No,8,3,30,Home
4,96,No,7,2,77,Home
7,94,Yes,4,2,86,Home
2,76,Yes,9,8,58,Home
9,99,Yes,5,7,99,Home
8,77,No,6,9,69,Home
8,51,No,5,6,47,Home
7,50,No,5,6,42,Home
4,87,Yes,6,3,73,Home
2,91,No,8,2,71,Home
3,88,No,5,3,68,Home
6,59,No,9,5,47,Home
5,48,Yes,5,3,31,Home
8,40,No,4,3,31,Home
6,97,No,9,1,86,Home
6,42,No,4,6,27,Home
1,60,No,9,5,32,Home
4,62,No,7,1,41,Home
5,48,Yes,6,4,33,Home
3,93,Yes,9,5,75,Home
9,58,Yes,9,4,57,Home
1,84,Yes,8,3,59,Home
6,94,No,8,8,87,Home
6,85,No,7,2,72,Home
5,91,Yes,8,1,78,Home
5,58,Yes,8,8,46,Home
5,62,Yes,4,7,47,Home
6,66,No,8,8,58,Home
8,66,No,8,9,63,Home
2,78,No,7,2,56,Home
6,75,Yes,7,0,62,Home
1,51,Yes,5,0,23,Home
4,94,Yes,8,2,73,Home
3,66,No,8,3,46,Home
9,85,No,9,1,80,Home
3,73,Yes,8,7,59,Home
6,72,Yes,4,2,60,Home
1,67,No,9,3,41,Home
6,70,No,8,5,61,Home
4,71,Yes,4,9,51,Home
8,89,Yes,5,5,82,Home
9,59,No,9,1,55,Home
4,79,Yes,6,5,64,Home
6,74,Yes,8,3,61,Home
1,70,No,9,4,44,Home
4,97,Yes,7,6,81,Home
7,70,No,9,6,64,Home
1,77,Yes,7,5,53,Home
8,61,No,8,9,55,Home
6,84,Yes,4,5,72,Home
5,80,Yes,7,5,65,Home
9,48,Yes,9,3,44,Home
2,91,No,9,2,70,Home
5,48,Yes,7,0,34,Home
6,54,Yes,5,2,41,Home
7,52,No,5,2,43,Home
5,61,Yes,5,8,48,Home
9,55,No,7,2,46,Home
1,71,No,7,7,47,Home
7,41,No,9,7,37,Home
7,65,Yes,8,2,56,Home
4,53,No,8,9,40,Home
9,98,Yes,4,9,96,Home
5,77,No,7,5,63,Home
4,73,Yes,8,7,58,Home
7,47,No,8,7,36,Home
4,75,No,5,9,61,Home
3,60,Yes,5,9,39,Home
9,95,No,5,8,90,Home
8,85,Yes,6,8,79,Home
1,82,No,8,7,58,Home
7,95,Yes,5,6,89,Home
9,67,No,5,9,64,Home
8,85,No,7,2,78,Home
8,83,Yes,9,6,79,Home
6,87,No,5,3,72,Home
4,45,Yes,7,1,26,Home
8,59,Yes,4,7,52,Home
3,70,No,5,1,49,Home
9,72,No,9,0,66,Home
2,83,No,7,4,59,Home
2,46,Yes,9,9,28,Home
7,47,Yes,5,8,39,Home
4,48,No,4,4,31,Home
8,41,Yes,5,1,33,Home
9,56,No,7,9,57,Home
7,91,No,4,3,83,Home
5,84,No,4,7,69,Home
8,76,Yes,4,6,71,Home
4,81,Yes,6,4,62,Home
2,83,No,7,3,58,Home
6,56,Yes,6,4,46,Home
9,92,No,9,6,93,Home
1,77,No,4,4,48,Home
7,74,Yes,6,7,68,Home
9,99,No,5,6,97,Home
9,86,No,6,6,82,Home
3,78,No,8,8,57,Home
5,69,No,9,7,55,Home
8,45,No,4,7,37,Home
8,43,Yes,4,5,35,Home
4,90,Yes,9,6,72,Home
1,76,No,9,7,51,Home
1,74,Yes,7,4,50,Home
4,97,No,5,9,82,Home
6,96,No,9,1,84,Home
8,48,No,9,6,46,Home
6,45,No,7,9,34,Home
9,52,Yes,9,2,55,Home
9,98,Yes,6,9,95,Home
2,61,No,8,7,40,Home
1,67,Yes,8,5,42,Home
2,69,No,8,3,45,Home
5,91,Yes,9,1,80,Home
4,75,No,8,6,60,Home
4,41,No,5,0,21,Home
9,97,No,6,6,95,Home
8,75,Yes,8,9,72,Home
6,47,Yes,4,9,35,Home
1,84,No,9,6,58,Home
2,81,Yes,6,9,59,Home
6,89,Yes,5,2,77,Home
2,48,Yes,8,3,23,Home
5,40,Yes,5,3,26,Home
5,52,Yes,9,3,39,Home
6,89,Yes,8,8,79,Home
6,54,Yes,4,5,39,Home
6,71,Yes,6,9,61,Home
2,73,Yes,4,8,47,Home
3,82,Yes,8,3,63,Home
6,70,Yes,7,6,61,Home
8,53,Yes,6,9,51,Home
1,93,Yes,5,8,68,Home
1,86,No,8,9,66,Home
2,53,No,4,2,29,Home
6,87,Yes,9,2,78,Home
9,94,Yes,7,5,94,Home
4,68,Yes,9,7,56,Home
3,86,No,8,0,68,Home
8,58,No,5,3,50,Home
9,66,Yes,4,7,62,Home
5,48,Yes,6,5,31,Home
9,76,Yes,7,1,73,Home
2,76,Yes,8,7,57,Home
3,82,Yes,8,0,60,Home
7,67,No,8,0,56,Home
7,91,Yes,8,6,88,Home
6,96,No,4,9,84,Home
6,63,Yes,6,2,48,Home
2,67,Yes,5,7,41,Home
6,75,No,7,8,65,Home
4,91,No,8,7,74,Home
3,57,Yes,9,0,38,Home
2,64,No,8,0,40,Home
1,74,Yes,6,5,49,Home
5,43,No,6,0,30,Home
2,53,No,4,7,29,Home
2,78,Yes,4,5,57,Home
7,65,Yes,9,4,58,Home
8,47,No,9,5,40,Home
8,63,Yes,4,3,60,Home
4,55,No,7,0,41,Home
1,59,No,9,6,34,Home
7,54,Yes,4,9,46,Home
1,46,No,8,8,24,Home
4,97,Yes,4,3,79,Home
8,56,Yes,7,3,52,Home
2,61,No,4,8,36,Home
6,61,Yes,4,3,52,Home
6,93,No,8,9,84,Home
9,51,No,9,3,50,Home
5,57,Yes,8,7,47,Home
4,95,Yes,8,3,81,Home
5,85,No,4,8,70,Home
5,86,Yes,8,7,77,Home
8,54,No,6,4,49,Home
8,76,No,5,8,70,Home
2,55,No,5,7,28,Home
7,44,No,8,9,36,Home
8,41,No,9,3,34,Home
6,91,Yes,7,3,80,Home
5,67,No,8,0,51,Home
9,96,No,9,3,95,Home
3,80,No,8,7,60,Home
4,93,No,4,4,78,Home
9,66,No,9,5,65,Home
6,70,No,7,3,57,Home
8,80,Yes,8,4,75,Home
7,75,Yes,6,9,69,Home
2,86,No,9,7,62,Home
3,82,No,5,8,63,Home
1,40,No,9,2,11,Home
9,89,Yes,6,9,91,Home
7,68,No,6,3,58,Home
1,40,No,6,0,15,Home
3,47,No,7,4,24,Home
4,96,No,7,3,80,Home
4,55,No,9,5,36,Home
5,97,No,7,5,83,Home
3,67,Yes,5,9,49,Home
3,61,No,4,5,41,Home
1,57,No,9,2,33,Home
7,61,No,8,6,52,Home
1,80,No,8,2,52,Home
2,51,No,9,5,31,Home
4,58,No,4,9,38,Home
4,64,No,8,0,45,Home
5,89,No,9,7,79,Home
2,98,No,9,6,78,Home
4,44,Yes,6,8,24,Home
1,98,Yes,5,2,72,Home
2,73,Yes,8,7,52,Home
1,78,No,5,1,50,Home
4,98,Yes,9,8,83,Home
4,49,Yes,4,0,32,Home
7,86,Yes,9,9,84,Home
9,96,Yes,8,6,95,Home
9,46,No,5,9,43,Home
5,99,Yes,6,0,82,Home
1,76,Yes,6,5,54,Home
1,86,No,9,0,59,Home
6,91,Yes,4,3,78,Home
2,99,No,7,6,79,Home
8,91,Yes,8,1,87,Home
9,54,Yes,9,2,53,Home
4,81,Yes,6,3,65,Home
5,63,No,6,5,48,Home
8,65,Yes,4,8,61,Home
3,65,Yes,6,3,41,Home
5,85,No,8,5,75,Home
3,65,Yes,4,6,44,Home
3,97,Yes,5,3,79,Home
3,49,Yes,4,5,29,Home
7,56,Yes,8,2,44,Home
7,92,Yes,8,4,85,Home
7,53,No,5,9,40,Home
8,41,No,9,3,36,Home
5,87,No,4,6,72,Home
5,52,Yes,8,5,36,Home
4,66,Yes,8,6,51,Home
7,48,Yes,5,5,38,Home
4,46,Yes,7,1,28,Home
2,87,Yes,4,6,59,Home
4,49,No,8,7,30,Home
8,95,No,6,6,88,Home
9,93,No,5,3,87,Home
3,48,Yes,7,3,27,Home
7,61,No,7,4,51,Home
9,62,No,5,8,59,Home
4,46,No,7,4,23,Home
3,87,No,8,1,71,Home
5,48,Yes,7,4,33,Home
1,66,Yes,4,2,38,Home
3,63,No,6,9,45,Home
8,68,No,8,7,67,Home
8,56,No,5,9,49,Home
4,59,No,6,9,44,Home
2,46,No,9,1,22,Home
8,82,No,8,3,79,Home
8,79,No,6,4,74,Home
4,46,No,7,3,26,Home
3,67,No,9,4,49,Home
2,58,Yes,5,9,33,Home
9,59,No,5,3,53,Home
1,83,Yes,4,2,53,Home
7,78,Yes,7,0,69,Home
5,79,No,4,3,65,Home
8,46,No,4,8,37,Home
4,45,Yes,7,0,28,Home
7,64,Yes,8,6,56,Home
5,80,No,9,2,64,Home
5,98,Yes,4,7,83,Home
9,52,No,6,5,50,Home
9,78,No,9,0,77,Home
9,79,Yes,8,9,79,Home
6,61,No,7,4,49,Home
6,88,Yes,5,7,77,Home
5,56,No,8,2,40,Home
9,87,No,4,3,83,Home
8,61,Yes,6,6,53,Home
7,73,Yes,9,5,66,Home
7,47,No,7,6,42,Home
6,88,No,5,8,76,Home
5,84,Yes,9,8,75,Home
4,57,No,6,1,40,Home
3,63,Yes,5,2,45,Home
3,99,Yes,7,3,73,Home
6,93,Yes,9,5,84,Home
4,99,No,8,4,84,Home
6,81,Yes,4,5,71,Home
3,41,No,7,7,23,Home
4,41,Yes,6,1,24,Home
9,66,No,8,5,64,Home
5,53,No,9,8,38,Home
7,87,Yes,5,4,74,Home
2,78,Yes,8,0,58,Home
5,92,Yes,8,7,78,Home
9,92,No,6,3,88,Home
3,95,No,4,7,76,Home
9,51,No,8,3,48,Home
6,71,Yes,8,7,59,Home
4,67,Yes,4,8,46,Home
7,94,Yes,4,4,84,Home
8,67,Yes,5,4,61,Home
6,85,Yes,9,1,76,Home
5,64,No,5,8,49,Home
6,43,Yes,4,3,30,Home
5,65,No,7,2,47,Home
8,75,Yes,4,1,70,Home
1,89,Yes,5,2,69,Home
7,42,Yes,6,3,35,Home
2,40,Yes,6,8,20,Home
9,56,Yes,9,5,55,Home
1,46,No,8,9,19,Home
6,87,Yes,6,4,74,Home
9,44,No,5,8,42,Home
1,58,No,6,7,34,Home
4,78,No,7,5,59,Home
4,85,No,4,2,67,Home
9,73,Yes,4,6,70,Home
5,74,Yes,5,9,61,Home
5,88,Yes,8,5,76,Home
6,55,Yes,4,7,44,Home
1,79,Yes,6,5,50,Home
1,89,No,7,9,68,Home
9,86,Yes,8,3,87,Home
3,78,Yes,8,9,60,Home
4,66,No,8,6,47,Home
1,80,Yes,4,6,55,Home
9,77,Yes,9,7,73,Home
8,89,No,8,1,87,Home
2,89,Yes,5,5,66,Home
8,64,No,6,2,56,Home
7,65,No,9,7,59,Home
6,95,Yes,7,3,83,Home
1,53,No,6,3,26,Home
7,53,Yes,5,1,41,Home
7,53,Yes,5,5,45,Home
9,64,Yes,9,5,63,Home
1,75,No,6,0,50,Home
2,43,No,4,7,15,Home
9,86,No,5,2,79,Home
9,54,No,8,0,49,Home
6,71,No,7,9,63,Home
6,57,No,7,0,42,Home
4,53,No,5,0,32,Home
4,97,No,8,4,84,Home
5,40,No,6,4,26,Home
3,81,No,7,0,62,Home
1,59,No,8,4,33,Home
1,49,Yes,8,6,28,Home
7,49,No,4,4,36,Home
1,98,Yes,5,8,73,Home
1,63,Yes,8,3,37,Home
3,73,Yes,6,8,53,Home
4,67,Yes,7,7,48,Home
4,66,No,4,0,48,Home
2,79,Yes,6,3,54,Home
1,40,Yes,7,6,12,Home
3,72,Yes,5,0,46,Home
4,43,No,6,7,24,Home
3,46,Yes,7,1,26,Home
8,48,Yes,4,7,42,Home
1,55,No,7,3,28,Home
2,44,No,8,7,20,Home
7,73,No,4,0,61,Home
4,99,No,6,4,80,Home
8,62,No,9,8,62,Home
3,82,No,5,6,59,Home
6,89,No,4,2,74,Home
9,64,No,4,3,59,Home
1,96,No,4,9,68,Home
1,90,Yes,7,6,66,Home
8,52,No,8,5,43,Home
3,63,Yes,9,3,44,Home
5,50,Yes,5,2,34,Home
1,91,No,5,1,62,Home
5,90,No,8,9,77,Home
6,56,No,7,8,44,Home
8,76,No,7,2,69,Home
3,52,Yes,8,6,35,Home
3,66,Yes,8,0,50,Home
9,59,No,6,7,50,Home
4,72,Yes,7,0,54,Home
4,81,No,4,1,59,Home
7,71,Yes,5,0,60,Home
2,47,Yes,7,3,25,Home
8,95,No,8,1,94,Home
6,68,No,4,0,53,Home
3,79,Yes,6,0,59,Home
9,58,No,9,1,53,Home
5,45,Yes,6,5,29,Home
8,83,No,4,1,73,Home
7,99,No,4,1,87,Home
8,78,No,8,7,72,Home
7,87,No,9,4,82,Home
3,80,No,8,7,60,Home
2,60,No,5,7,38,Home
7,96,No,9,1,89,Home
3,61,Yes,9,6,45,Home
3,81,No,5,8,57,Home
2,49,Yes,6,7,27,Home
4,49,No,4,8,31,Home
8,91,Yes,6,7,86,Home
1,68,No,8,3,45,Home
1,55,No,7,9,30,Home
5,40,Yes,8,6,28,Home
5,56,No,7,8,43,Home
1,69,No,4,8,43,Home
6,65,No,4,3,52,Home
1,92,No,9,6,68,Home
5,85,No,4,5,73,Home
9,58,Yes,5,2,56,Home
5,92,No,5,9,78,Home
6,60,Yes,7,5,49,Home
8,56,Yes,6,7,52,Home
1,85,Yes,9,1,62,Home
2,79,Yes,6,2,59,Home
9,60,Yes,7,7,60,Home
3,92,Yes,5,3,71,Home
6,80,Yes,8,3,68,Home
5,79,Yes,9,1,68,Home
2,84,No,7,9,63,Home
7,88,Yes,6,0,77,Home
4,58,No,7,6,43,Home
1,99,Yes,7,3,77,Home
4,46,Yes,4,5,28,Home
6,56,No,5,7,47,Home
7,40,Yes,9,6,34,Home
7,76,No,4,6,64,Home
7,96,Yes,5,5,88,Home
3,45,No,7,3,21,Home
6,65,No,5,3,53,Home
8,41,Yes,6,8,34,Home
4,98,Yes,9,4,83,Home
8,71,Yes,4,8,67,Home
2,96,Yes,9,8,75,Home
9,87,No,7,3,88,Home
9,93,No,6,1,87,Home
8,44,No,5,1,32,Home
1,76,No,5,8,50,Home
2,70,No,6,8,50,Home
6,51,No,5,2,38,Home
5,74,No,4,4,57,Home
9,69,Yes,8,4,64,Home
5,87,Yes,5,1,71,Home
2,45,Yes,7,1,19,Home
4,54,Yes,5,9,38,Home
9,54,Yes,9,0,52,Home
1,55,Yes,7,1,27,Home
1,59,Yes,5,6,32,Home
7,52,Yes,5,0,45,Home
3,83,No,7,0,61,Home
2,81,Yes,4,8,57,Home
9,85,Yes,8,1,83,Home
3,70,Yes,8,3,48,Home
2,73,No,4,2,50,Home
8,68,Yes,5,3,61,Home
6,42,No,8,6,29,Home
6,48,No,4,9,37,Home
7,50,Yes,4,1,39,Home
7,50,No,8,1,39,Home
6,64,Yes,7,8,54,Home
4,61,Yes,6,5,46,Home
9,81,Yes,7,6,78,Home
6,97,No,5,4,83,Home
4,85,Yes,7,4,64,Home
3,48,Yes,9,3,26,Home
4,59,Yes,6,7,41,Home
3,98,No,6,6,76,Home
2,60,No,4,9,35,Home
5,49,No,9,1,39,Home
2,61,No,5,1,39,Home
6,68,Yes,4,5,54,Home
3,48,Yes,7,0,28,Home
6,44,No,7,6,30,Home
9,79,Yes,8,7,81,Home
1,50,No,4,9,24,Home
6,40,Yes,9,7,32,Home
9,92,Yes,4,2,87,Home
4,81,No,4,6,66,Home
2,40,No,4,0,13,Home
4,97,Yes,6,2,76,Home
1,93,No,8,5,68,Home
3,78,Yes,5,8,57,Home
9,99,Yes,5,4,98,Home
5,85,Yes,5,4,69,Home
6,44,Yes,6,8,34,Home
3,88,No,8,8,68,Home
5,61,Yes,9,5,47,Home
8,65,Yes,8,4,60,Home
6,92,Yes,6,9,83,Home
4,45,No,9,1,25,Home
2,71,Yes,4,7,50,Home
9,87,No,7,7,87,Home
1,50,No,4,6,22,Home
1,49,No,5,7,22,Home
4,86,No,4,2,62,Home
7,78,No,6,2,72,Home
1,94,No,5,1,66,Home
9,73,No,7,0,71,Home
4,70,Yes,9,2,53,Home
3,51,Yes,9,2,32,Home
1,90,No,5,6,65,Home
4,83,No,4,9,65,Home
9,55,No,8,8,50,Home
6,77,Yes,8,0,66,Home
6,42,No,9,7,29,Home
1,41,Yes,8,0,13,Home
2,91,Yes,5,2,66,Home
6,44,No,8,3,32,Home
2,50,Yes,6,7,26,Home
3,97,No,9,0,75,Home
4,64,No,7,1,46,Home
5,74,No,8,4,62,Home
9,74,Yes,6,5,69,Home
4,61,No,6,4,43,Home
9,76,Yes,5,2,74,Home
3,61,No,9,9,43,Home
8,94,No,5,6,86,Home
1,50,No,7,0,24,Home
9,71,No,7,1,67,Home
9,74,No,4,8,71,Home
2,70,Yes,7,3,48,Home
4,84,No,9,7,64,Home
8,92,No,9,8,88,Home
7,47,No,5,6,39,Home
1,59,Yes,6,0,35,Home
5,81,No,4,4,67,Home
7,73,No,7,5,65,Home
4,43,No,6,7,27,Home
1,57,No,5,9,32,Home
9,90,Yes,8,7,89,Home
5,43,No,4,8,30,Home
2,59,Yes,9,8,37,Home
8,97,Yes,6,3,91,Home
2,48,Yes,5,5,26,Home
3,55,Yes,5,2,32,Home
1,65,No,4,0,34,Home
2,77,No,4,5,51,Home
7,64,Yes,7,0,56,Home
2,43,Yes,7,8,26,Home
6,80,Yes,9,5,73,Home
3,98,No,9,0,80,Home
4,84,Yes,4,2,69,Home
8,80,Yes,4,0,73,Home
3,77,Yes,6,1,55,Home
6,92,Yes,7,5,82,Home
1,58,Yes,5,6,32,Home
7,53,No,7,0,41,Home
8,60,Yes,7,9,55,Home
8,54,No,4,4,43,Home
3,42,No,4,5,20,Home
1,76,No,7,3,50,Home
9,92,No,8,5,90,Home
6,89,No,8,4,82,Home
9,85,Yes,9,6,85,Home
7,55,No,7,3,49,Home
1,53,No,8,0,24,Home
1,48,Yes,9,1,25,Home
6,86,No,9,5,76,Home
5,46,Yes,7,9,33,Home
9,53,Yes,9,1,48,Home
2,45,Yes,4,4,21,Home
8,60,Yes,4,3,58,Home
5,54,Yes,4,6,40,Home
2,91,No,5,3,67,Home
6,47,Yes,4,6,35,Home
8,73,Yes,4,7,68,Home
4,79,No,7,6,66,Home
2,40,No,8,1,16,Home
5,71,No,8,0,57,Home
2,97,No,4,4,73,Home
2,88,Yes,4,6,64,Home
6,90,No,4,0,77,Home
9,44,Yes,9,7,46,Home
4,69,No,7,2,50,Home
6,61,No,7,6,50,Home
7,59,No,7,2,51,Home
6,55,No,8,3,43,Home
8,46,No,5,7,40,Home
4,46,Yes,8,1,30,Home
1,89,Yes,7,5,63,Home
7,89,Yes,6,9,82,Home
3,41,No,5,8,20,Home
6,86,Yes,4,9,73,Home
2,53,No,9,8,32,Home
9,70,No,8,4,67,Home
1,89,Yes,9,2,69,Home
6,80,Yes,5,5,67,Home
6,53,No,6,8,44,Home
5,44,No,5,5,29,Home
5,50,Yes,8,3,38,Home
1,79,No,7,4,52,Home
5,44,Yes,4,6,25,Home
2,68,Yes,7,9,46,Home
7,50,No,7,2,42,Home
3,44,No,8,8,24,Home
4,88,No,7,0,70,Home
3,93,No,7,7,78,Home
3,71,Yes,8,4,51,Home
4,75,No,8,9,61,Home
5,54,Yes,6,8,38,Home
1,58,Yes,7,1,34,Home
4,61,No,5,0,42,Home
8,73,Yes,4,9,68,Home
7,95,No,9,6,87,Home
9,56,No,4,9,53,Home
5,51,Yes,8,8,39,Home
4,64,Yes,9,4,45,Home
8,95,Yes,8,3,89,Home
9,56,No,6,3,53,Home
7,49,No,7,7,39,Home
7,67,Yes,8,0,59,Home
5,96,No,8,0,81,Home
4,57,No,4,7,40,Home
1,90,Yes,7,1,64,Home
7,57,No,6,9,53,Home
1,84,Yes,8,5,56,Home
1,71,Yes,8,1,44,Home
5,53,Yes,8,4,41,Home
9,95,No,4,2,91,Home
6,55,Yes,8,6,46,Home
3,89,Yes,8,8,65,Home
3,97,Yes,4,1,76,Home
7,57,Yes,8,6,50,Home
6,55,No,7,7,45,Home
9,56,Yes,7,9,55,Home
6,46,No,4,7,33,Home
5,51,Yes,7,6,37,Home
7,73,No,9,3,63,Home
1,49,No,9,3,24,Home
7,44,No,9,9,37,Home
3,60,No,6,8,39,Home
9,42,Yes,8,9,41,Home
6,58,Yes,6,8,46,Home
9,84,No,7,4,78,Home
5,83,No,4,6,69,Home
7,74,No,9,6,71,Home
4,45,Yes,4,8,28,Home
7,53,No,6,6,45,Home
1,43,No,7,7,20,Home
7,84,Yes,8,6,81,Home
8,90,Yes,7,3,85,Home
5,57,Yes,9,1,42,Home
2,68,Yes,7,2,46,Home
5,74,Yes,4,6,60,Home
6,91,Yes,5,8,82,Home
2,77,No,9,1,55,Home
6,55,No,8,6,44,Home
6,59,Yes,9,3,47,Home
1,63,No,9,6,41,Home
1,74,Yes,8,4,48,Home
3,83,No,9,6,62,Home
3,90,Yes,4,5,64,Home
4,58,Yes,7,1,40,Home
2,95,No,4,6,70,Home
9,43,No,7,4,39,Home
7,72,Yes,5,8,63,Home
7,41,Yes,9,0,32,Home
6,52,Yes,5,0,37,Home
3,97,Yes,6,1,75,Home
6,84,Yes,7,7,72,Home
8,69,Yes,4,8,63,Home
8,73,No,4,6,64,Home
9,69,No,9,0,69,Home
1,90,No,4,6,63,Home
1,93,No,6,7,65,Home
3,63,No,8,6,44,Home
3,87,Yes,4,4,65,Home
8,83,Yes,9,6,81,Home
1,72,No,5,9,45,Home
2,80,Yes,4,1,59,Home
2,88,No,4,8,67,Home
3,49,No,4,1,34,Home
6,57,Yes,9,1,46,Home
1,58,Yes,8,4,35,Home
2,46,No,4,7,22,Home
1,96,No,8,5,72,Home
5,58,No,8,8,47,Home
7,63,No,6,5,55,Home
8,54,Yes,5,4,47,Home
1,80,No,4,0,55,Home
7,81,Yes,4,7,74,Home
5,62,No,4,2,49,Home
1,91,No,8,1,68,Home
3,91,Yes,7,6,72,Home
7,43,Yes,5,1,32,Home
1,77,Yes,9,0,51,Home
7,43,Yes,4,1,34,Home
5,44,Yes,7,5,33,Home
1,80,No,7,1,56,Home
1,83,No,7,0,54,Home
1,62,No,5,0,33,Home
9,79,Yes,7,3,78,Home
3,92,Yes,9,7,77,Home
5,76,Yes,4,5,62,Home
9,50,No,9,3,51,Home
6,94,Yes,4,5,78,Home
9,50,No,6,5,46,Home
8,52,No,8,8,50,Home
8,53,No,7,3,47,Home
1,99,Yes,9,5,74,Home
9,47,No,8,9,47,Home
6,64,No,8,0,52,Home
9,57,No,8,6,54,Home
3,90,Yes,8,6,69,Home
3,83,No,8,0,64,Home
6,83,Yes,4,7,69,Home
9,57,Yes,5,4,58,Home
7,49,No,7,8,37,Home
3,46,No,7,7,26,Home
3,99,Yes,4,2,80,Home
2,89,No,9,0,64,Home
9,83,Yes,4,2,78,Home
3,53,Yes,8,1,35,Home
5,54,Yes,5,1,36,Home
9,55,No,7,3,55,Home
8,41,Yes,9,1,36,Home
2,69,Yes,6,7,46,Home
3,69,No,4,4,51,Home
2,57,No,6,0,30,Home
8,70,Yes,7,5,68,Home
6,83,Yes,4,6,69,Home
6,87,Yes,7,0,78,Home
9,52,No,4,2,51,Home
8,59,Yes,9,8,55,Home
4,88,Yes,7,6,72,Home
4,89,No,6,3,71,Home
9,74,No,5,5,69,Home
1,62,Yes,9,5,38,Home
2,81,No,9,2,61,Home
2,72,Yes,4,1,49,Home
6,77,Yes,6,4,67,Home
4,74,No,7,7,56,Home
3,90,Yes,6,2,68,Home
3,75,Yes,9,4,60,Home
3,59,No,4,2,34,Home
6,94,Yes,6,6,83,Home
8,42,No,7,5,37,Home
7,47,Yes,8,5,42,Home
4,79,No,9,0,62,Home
4,98,No,5,1,80,Home
2,71,No,5,5,46,Home
1,68,No,9,7,47,Home
9,46,No,8,4,46,Home
2,41,No,4,1,13,Home
8,60,Yes,6,4,55,Home
9,45,Yes,6,8,42,Home
4,67,No,8,5,51,Home
8,87,Yes,8,4,81,Home
9,81,No,7,9,75,Home
5,75,No,7,5,59,Home
7,71,Yes,5,8,62,Home
4,84,No,4,6,65,Home
1,81,Yes,4,9,51,Home
3,92,No,8,2,73,Home
5,85,No,5,9,68,Home
3,48,Yes,5,9,28,Home
7,50,No,7,4,39,Home
9,62,No,6,3,55,Home
6,89,No,4,4,76,Home
1,50,Yes,5,7,24,Home
7,88,Yes,7,5,81,Home
3,41,Yes,7,3,24,Home
5,42,Yes,7,4,29,Home
4,50,Yes,6,6,37,Home
5,89,No,5,7,74,Home
5,98,Yes,8,4,84,Home
6,74,Yes,8,1,64,Home
6,97,No,7,5,90,Home
8,54,No,7,8,46,Home
8,82,Yes,6,2,79,Home
9,50,No,7,6,48,Home
8,70,No,9,7,65,Home
2,67,No,5,5,46,Home
1,67,Yes,7,2,39,Home
2,71,No,7,0,49,Home
2,64,No,5,2,39,Home
3,59,Yes,4,5,40,Home
7,67,No,9,3,60,Home
2,64,No,9,0,43,Home
1,50,Yes,8,5,25,Home
6,58,Yes,7,0,45,Home
9,67,Yes,5,7,64,Home
3,40,No,8,2,20,Home
6,98,Yes,6,2,87,Home
3,44,Yes,4,0,23,Home
1,49,No,7,2,23,Home
5,81,No,4,6,67,Home
4,85,No,7,9,74,Home
7,73,No,7,7,64,Home
6,75,No,7,7,66,Home
7,41,Yes,4,2,29,Home
5,57,Yes,9,4,42,Home
4,52,Yes,6,0,37,Home
7,90,No,9,8,82,Home
7,44,Yes,5,7,35,Home
6,59,No,5,9,46,Home
8,41,No,9,1,40,Home
4,50,Yes,6,9,34,Home
5,69,Yes,6,0,52,Home
4,71,No,7,3,52,Home
1,71,No,7,8,50,Home
8,97,Yes,5,7,91,Home
1,89,Yes,7,2,64,Home
5,77,No,7,9,67,Home
6,94,No,6,5,85,Home
6,67,No,4,8,53,Home
5,49,No,9,9,35,Home
3,61,Yes,8,7,41,Home
5,94,Yes,8,9,81,Home
8,56,No,7,4,52,Home
2,61,No,7,8,39,Home
6,82,Yes,9,8,72,Home
9,58,No,8,2,55,Home
8,56,No,6,7,49,Home
8,63,No,8,3,60,Home
8,75,No,8,9,69,Home
7,71,No,8,6,63,Home
8,97,No,7,9,94,Home
6,95,Yes,7,7,86,Home
2,97,No,9,6,75,Home
2,85,Yes,8,4,66,Home
8,98,Yes,7,0,97,Home
1,91,Yes,9,7,71,Home
6,75,No,8,4,59,Home
6,67,No,6,2,54,Home
4,53,No,7,1,34,Home
3,97,Yes,4,2,77,Home
3,75,Yes,9,8,60,Home
1,45,No,7,1,16,Home
3,48,No,6,9,30,Home
4,60,Yes,6,0,42,Home
5,51,Yes,7,1,36,Home
3,97,Yes,5,1,77,Home
6,69,No,9,4,58,Home
5,70,Yes,8,0,58,Home
3,79,Yes,8,9,60,Home
6,95,Yes,6,7,87,Home
6,43,No,7,1,30,Home
8,70,No,5,5,59,Home
2,66,No,9,4,42,Home
1,97,Yes,4,1,70,Home
4,96,Yes,8,9,82,Home
7,64,Yes,9,0,56,Home
3,44,Yes,9,5,24,Home
3,45,No,5,5,27,Home
5,44,Yes,9,2,33,Home
5,90,Yes,8,7,75,Home
3,66,No,7,8,45,Home
9,47,Yes,8,2,45,Home
4,48,Yes,4,8,30,Home
3,54,Yes,7,7,29,Home
2,75,No,6,4,50,Home
9,96,Yes,5,5,95,Home
4,80,No,8,0,63,Home
3,46,Yes,7,4,24,Home
7,71,No,9,9,63,Home
8,47,No,7,9,41,Home
2,86,No,8,6,69,Home
7,90,Yes,6,0,81,Home
5,54,Yes,8,9,40,Home
5,76,No,6,8,66,Home
3,58,No,9,6,40,Home
5,78,Yes,8,3,63,Home
2,45,No,7,3,21,Home
4,98,Yes,4,9,81,Home
6,58,Yes,4,6,47,Home
1,96,No,9,5,69,Home
4,67,No,7,2,47,Home
6,56,Yes,4,8,44,Home
9,81,Yes,9,5,78,Home
2,58,Yes,6,1,36,Home
7,70,No,7,9,60,Home
6,50,Yes,6,1,43,Home
2,54,No,7,0,30,Home
8,49,No,6,4,43,Home
7,82,Yes,6,9,75,Home
5,62,No,4,5,46,Home
5,42,No,7,2,29,Home
7,42,No,8,3,33,Home
9,57,No,4,4,51,Home
9,64,Yes,6,3,58,Home
9,82,Yes,6,8,81,Home
6,59,No,8,2,49,Home
6,97,No,8,4,84,Home
3,68,No,6,6,47,Home
1,61,No,8,6,38,Home
7,89,No,5,5,78,Home
4,96,Yes,4,8,77,Home
1,54,Yes,7,6,29,Home
8,78,Yes,8,3,76,Home
6,49,Yes,8,9,41,Home
6,60,No,5,8,51,Home
2,94,No,7,5,70,Home
1,91,Yes,5,0,63,Home
2,68,Yes,7,8,46,Home
4,71,Yes,4,6,53,Home
2,49,No,8,5,25,Home
1,52,No,4,5,26,Home
7,86,No,7,3,74,Home
8,62,Yes,8,3,57,Home
6,89,Yes,5,2,80,Home
4,62,No,6,7,45,Home
6,70,No,5,7,56,Home
3,43,No,6,1,19,Home
8,91,Yes,5,4,86,Home
2,88,No,7,8,70,Home
5,99,No,4,8,85,Home
1,42,Yes,6,6,16,Home
6,60,No,7,3,47,Home
2,92,No,4,3,65,Home
4,41,No,4,9,23,Home
6,43,No,8,6,29,Home
8,40,Yes,8,2,36,Home
8,54,No,8,2,49,Home
6,96,Yes,6,4,85,Home
4,72,No,6,5,56,Home
8,45,Yes,4,7,39,Home
8,46,No,6,0,40,Home
1,58,No,4,6,33,Home
4,83,Yes,7,7,67,Home
4,40,No,5,4,19,Home
7,78,No,4,9,74,Home
7,58,Yes,4,1,47,Home
8,84,No,7,3,77,Home
5,65,No,8,5,52,Home
7,83,No,9,8,76,Home
8,51,No,8,1,42,Home
9,61,No,8,3,56,Home
3,52,Yes,4,9,30,Home
3,67,Yes,4,4,47,Home
4,53,No,6,7,34,Home
5,61,No,6,7,48,Home
1,69,Yes,5,1,42,Home
7,83,Yes,5,5,74,Home
9,59,Yes,9,5,58,Home
8,83,Yes,6,4,75,Home
5,66,Yes,4,7,54,Home
4,77,Yes,7,9,62,Home
7,98,No,6,1,88,Home
5,81,No,4,1,64,Home
7,91,No,6,6,81,Home
1,95,No,8,8,69,Home
1,80,No,6,2,51,Home
3,73,Yes,9,6,52,Home
2,78,Yes,8,2,58,Home
2,80,Yes,4,5,55,Home
7,96,Yes,8,2,86,Home
2,83,Yes,6,0,62,Home
4,76,Yes,8,5,60,Home
2,40,No,9,2,15,Home
6,93,No,7,0,82,Home
8,54,Yes,8,4,52,Home
4,71,No,9,7,57,Home
5,47,Yes,8,7,34,Home
4,72,No,5,7,55,Home
3,57,Yes,7,2,39,Home
5,84,Yes,4,7,73,Home
9,68,No,9,3,64,Home
8,71,Yes,8,7,67,Home
8,72,No,7,2,67,Home
8,44,No,4,2,36,Home
8,57,Yes,7,0,52,Home
7,87,Yes,9,7,85,Home
8,97,Yes,5,7,91,Home
8,49,No,9,8,42,Home
8,75,No,9,5,74,Home
7,72,Yes,4,1,65,Home
1,62,Yes,4,0,36,Home
4,79,Yes,8,7,63,Home
4,44,Yes,6,9,29,Home
5,73,Yes,9,3,60,Home
6,63,Yes,4,6,50,Home
4,56,Yes,9,9,40,Home
2,70,No,9,3,48,Home
6,46,No,4,0,33,Home
8,56,Yes,5,7,51,Home
8,67,Yes,5,9,64,Home
7,77,No,9,8,70,Home
6,61,Yes,5,9,49,Home
2,54,No,9,8,33,Home
7,76,No,8,8,69,Home
5,54,Yes,4,3,41,Home
6,89,No,9,8,79,Home
8,89,No,5,3,81,Home
8,64,Yes,5,1,57,Home
3,92,Yes,7,9,73,Home
7,60,No,7,2,49,Home
1,94,Yes,5,1,64,Home
1,77,No,8,0,49,Home
7,41,No,6,5,31,Home
9,66,No,9,3,61,Home
7,88,No,7,6,81,Home
5,71,No,9,6,59,Home
8,60,No,7,9,54,Home
2,43,Yes,4,0,18,Home
9,83,Yes,4,8,80,Home
6,58,Yes,5,7,43,Home
9,41,Yes,4,9,39,Home
2,65,No,4,0,39,Home
3,73,No,6,7,51,Home
8,53,No,8,4,49,Home
1,54,No,5,0,27,Home
7,59,No,6,3,51,Home
7,73,Yes,5,6,64,Home
1,75,Yes,8,4,51,Home
9,58,Yes,5,2,56,Home
8,48,No,9,3,46,Home
4,46,No,9,1,28,Home
5,69,Yes,9,7,57,Home
2,52,No,4,1,28,Home
9,66,No,8,5,65,Home
6,83,Yes,6,6,71,Home
3,74,No,6,6,54,Home
7,52,Yes,7,0,44,Home
9,54,Yes,6,7,52,Home
3,85,Yes,9,8,71,Home
2,95,Yes,9,6,74,Home
7,48,No,7,7,38,Home
7,84,No,4,3,75,Home
4,62,No,6,7,43,Home
9,93,Yes,8,2,90,Home
8,75,No,7,0,69,Home
1,92,Yes,6,7,67,Home
1,79,No,4,5,52,Home
5,42,No,8,8,27,Home
6,73,Yes,8,2,63,Home
3,58,No,4,7,41,Home
9,67,Yes,6,8,67,Home
6,62,Yes,5,8,47,Home
4,79,No,6,6,61,Home
7,88,No,7,9,82,Home
8,84,No,7,2,75,Home
9,46,No,6,2,37,Home
6,80,Yes,9,1,68,Home
6,51,Yes,7,0,37,Home
8,53,No,5,1,49,Home
5,85,No,9,4,73,Home
3,54,No,5,0,32,Home
3,42,Yes,8,9,23,Home
6,54,No,7,3,43,Home
2,90,Yes,9,9,70,Home
6,63,No,6,9,53,Home
6,91,No,9,0,81,Home
8,85,Yes,8,9,84,Home
7,47,Yes,5,7,38,Home
8,44,No,8,4,40,Home
9,90,Yes,4,9,88,Home
6,43,Yes,7,3,32,Home
3,53,No,6,2,31,Home
3,55,Yes,5,8,35,Home
1,59,Yes,8,5,34,Home
5,63,No,6,0,49,Home
4,45,No,7,7,28,Home
9,94,Yes,6,9,91,Home
9,96,No,7,1,90,Home
5,70,Yes,7,8,55,Home
4,45,Yes,7,6,27,Home
7,74,Yes,8,2,67,Home
6,54,No,7,3,41,Home
4,68,Yes,6,2,53,Home
2,42,Yes,4,5,15,Home
1,50,Yes,6,8,26,Home
4,42,No,8,9,22,Home
4,67,No,7,8,48,Home
1,49,No,4,0,19,Home
6,89,Yes,8,9,78,Home
4,72,Yes,5,5,53,Home
1,87,No,5,0,61,Home
1,55,Yes,5,3,30,Home
1,98,Yes,4,6,70,Home
8,49,Yes,6,3,42,Home
8,72,Yes,4,8,67,Home
2,75,No,4,9,51,Home
7,42,No,4,4,35,Home
8,44,No,5,8,38,Home
8,51,Yes,9,0,44,Home
7,96,Yes,6,3,86,Home
5,83,No,9,6,68,Home
1,52,No,9,1,25,Home
9,63,No,4,8,59,Home
7,83,Yes,6,2,74,Home
2,96,No,9,3,73,Home
6,71,Yes,7,3,61,Home
2,55,No,4,7,32,Home
1,71,Yes,4,1,41,Home
7,84,Yes,4,4,72,Home
2,76,No,7,1,51,Home
2,95,Yes,7,5,72,Home
5,75,Yes,5,8,60,Home
5,60,No,8,8,46,Home
7,86,No,6,0,77,Home
1,51,No,8,3,23,Home
8,90,Yes,4,3,82,Home
3,60,Yes,9,0,37,Home
4,99,No,4,9,80,Home
9,90,No,9,1,87,Home
4,60,Yes,5,5,41,Home
5,82,No,8,9,67,Home
7,92,No,4,2,81,Home
4,45,Yes,8,8,30,Home
1,48,Yes,5,2,19,Home
9,40,No,8,2,39,Home
4,51,Yes,9,8,34,Home
9,97,Yes,6,2,93,Home
6,53,No,5,5,43,Home
1,45,No,8,5,21,Home
3,40,No,4,0,17,Home
2,61,Yes,7,6,40,Home
9,73,No,7,8,68,Home
1,95,Yes,5,8,74,Home
9,50,No,7,8,45,Home
9,42,Yes,6,1,38,Home
8,81,Yes,5,0,76,Home
8,45,No,4,5,38,Home
1,45,Yes,4,5,18,Home
8,59,No,5,3,54,Home
3,60,No,7,7,42,Home
7,41,Yes,7,4,31,Home
1,65,Yes,4,6,42,Home
1,70,Yes,6,8,44,Home
5,65,No,9,0,54,Home
5,95,No,7,8,83,Home
8,71,No,6,3,64,Home
7,49,No,7,6,38,Home
8,62,No,9,3,57,Home
6,97,No,5,3,83,Home
6,45,Yes,8,3,34,Home
2,62,No,4,5,39,Home
6,67,No,5,4,56,Home
5,88,No,7,1,76,Home
3,69,No,9,8,49,Home
6,53,Yes,4,5,41,Home
8,76,Yes,8,9,69,Home
9,94,Yes,8,5,93,Home
1,71,No,9,8,44,Home
3,88,No,9,0,73,Home
3,73,No,7,6,56,Home
8,80,Yes,4,2,70,Home
1,83,No,7,3,56,Home
5,90,No,8,0,77,Home
3,61,Yes,5,2,40,Home
2,70,Yes,5,6,47,Home
8,46,No,6,5,40,Home
3,80,Yes,8,0,62,Home
7,60,No,8,8,57,Home
1,55,No,7,3,26,Home
6,59,Yes,6,6,47,Home
3,82,No,9,3,59,Home
8,83,Yes,6,6,78,Home
6,86,Yes,4,4,77,Home
2,89,No,7,0,67,Home
6,58,Yes,9,3,49,Home
7,87,No,9,2,80,Home
5,71,No,5,5,54,Home
3,54,Yes,4,5,30,Home
4,44,Yes,6,0,29,Home
4,50,Yes,5,1,31,Home
6,54,No,8,1,42,Home
1,68,No,7,9,39,Home
4,89,No,6,3,70,Home
4,84,No,8,8,69,Home
1,43,No,9,1,18,Home
9,88,No,6,7,89,Home
4,75,No,5,0,56,Home
7,87,Yes,4,7,78,Home
3,62,No,5,2,44,Home
3,54,No,7,4,36,Home
8,85,Yes,7,0,76,Home
8,83,No,6,0,79,Home
1,42,No,5,5,12,Home
2,71,Yes,4,2,48,Home
8,49,No,9,7,46,Home
1,79,Yes,7,3,54,Home
8,77,No,4,5,69,Home
8,61,No,8,9,56,Home
2,53,Yes,6,8,26,Home
4,56,Yes,4,7,39,Home
6,60,No,6,3,48,Home
9,90,No,8,9,92,Home
8,87,Yes,4,7,81,Home
8,54,No,4,6,46,Home
7,97,Yes,9,4,89,Home
9,54,Yes,8,6,51,Home
2,40,Yes,5,6,16,Home
3,63,No,4,9,40,Home
8,94,No,9,1,90,Home
6,94,No,4,6,83,Home
9,51,Yes,9,2,46,Home
4,49,No,7,7,32,Home
8,85,Yes,5,7,82,Home
3,81,Yes,4,8,63,Home
3,81,No,8,3,59,Home
8,91,No,6,9,89,Home
5,70,Yes,8,2,55,Home
3,50,No,5,8,29,Home
1,93,Yes,7,8,68,Home
3,55,No,7,1,32,Home
9,48,Yes,7,5,44,Home
5,86,No,9,2,75,Home
2,53,Yes,8,4,33,Home
7,58,No,6,1,49,Home
2,70,Yes,6,3,47,Home
4,48,Yes,9,2,35,Home
7,75,Yes,4,1,67,Home
4,92,Yes,9,5,77,Home
7,78,Yes,6,2,65,Home
7,93,Yes,6,3,86,Home
1,65,No,4,5,40,Home
6,47,Yes,8,4,37,Home
9,63,Yes,8,3,57,Home
2,47,No,5,3,23,Home
3,58,No,8,1,42,Home
5,86,Yes,7,9,73,Home
9,87,No,7,3,88,Home
4,69,No,5,7,53,Home
1,97,Yes,6,4,72,Home
4,61,Yes,5,9,47,Home
6,94,No,4,9,81,Home
5,48,No,5,7,30,Home
1,97,No,5,5,68,Home
4,97,No,9,9,83,Home
6,83,No,7,4,73,Home
4,87,No,4,3,67,Home
9,43,Yes,9,9,45,Home
5,76,No,4,8,61,Home
8,47,Yes,5,9,43,Home
9,40,Yes,9,4,37,Home
5,67,No,9,9,54,Home
6,45,Yes,4,5,29,Home
1,86,No,4,6,59,Home
7,75,Yes,8,0,67,Home
4,92,No,4,8,73,Home
2,50,Yes,9,7,29,Home
5,44,No,6,4,29,Home
3,89,Yes,4,2,67,Home
6,63,No,7,4,51,Home
8,86,Yes,8,4,80,Home
7,57,Yes,7,8,48,Home
3,59,Yes,7,6,42,Home
8,67,No,6,1,57,Home
2,52,No,8,4,31,Home
9,44,No,5,8,38,Home
4,69,No,9,1,55,Home
1,40,No,9,7,16,Home
8,61,Yes,4,2,53,Home
7,57,No,9,3,51,Home
5,85,No,6,1,72,Home
5,44,Yes,9,8,33,Home
7,70,No,6,5,62,Home
5,45,No,5,8,30,Home
8,66,No,6,7,63,Home
6,95,No,5,8,84,Home
5,64,No,5,4,49,Home
9,68,No,5,5,66,Home
2,67,Yes,6,6,44,Home
1,55,No,5,4,30,Home
8,93,No,6,0,88,Home
3,92,No,8,8,79,Home
7,51,Yes,5,1,41,Home
8,59,Yes,6,6,55,Home
6,57,Yes,6,7,47,Home
9,73,Yes,6,7,72,Home
7,94,No,4,0,83,Home
5,92,Yes,4,9,79,Home
8,62,No,5,6,56,Home
2,84,No,9,8,65,Home
7,66,No,8,2,53,Home
4,88,Yes,9,7,73,Home
9,56,No,5,7,57,Home
1,87,Yes,7,8,66,Home
7,60,No,7,7,52,Home
6,89,Yes,8,4,80,Home
8,79,Yes,8,4,75,Home
5,70,No,8,2,57,Home
1,42,No,4,5,13,Home
1,56,No,4,9,28,Home
9,89,Yes,7,2,85,Home
6,97,Yes,8,1,86,Home
5,65,Yes,6,6,54,Home
1,62,No,9,9,36,Home
6,45,Yes,7,2,37,Home
6,67,No,8,3,57,Home
3,47,Yes,6,9,25,Home
8,94,Yes,8,7,89,Home
1,97,Yes,5,0,71,Home
1,84,No,6,8,56,Home
6,47,No,9,5,36,Home
1,58,No,5,1,28,Home
6,77,Yes,4,2,66,Home
1,68,Yes,7,4,41,Home
6,62,Yes,8,5,49,Home
3,86,Yes,7,8,71,Home
8,71,No,9,1,65,Home
6,49,Yes,8,4,37,Home
1,66,Yes,5,6,41,Home
5,88,No,6,6,74,Home
8,40,No,6,3,31,Home
3,78,No,8,2,57,Home
6,68,Yes,5,7,58,Home
5,98,No,8,1,82,Home
6,84,Yes,8,4,74,Home
1,42,No,8,9,21,Home
7,90,Yes,6,4,81,Home
9,86,Yes,9,0,87,Home
2,76,Yes,8,6,53,Home
5,70,Yes,6,3,56,Home
4,50,Yes,4,9,35,Home
6,61,Yes,5,1,47,Home
6,57,No,4,7,48,Home
2,74,Yes,8,3,52,Home
2,45,Yes,6,0,19,Home
4,42,Yes,5,7,27,Home
1,44,Yes,7,6,22,Home
9,48,No,5,2,41,Home
7,67,Yes,5,2,58,Home
7,58,Yes,8,6,49,Home
3,67,No,4,1,43,Home
3,66,Yes,4,4,43,Home
1,52,No,7,6,27,Home
3,77,Yes,8,5,61,Home
3,82,Yes,5,9,63,Home
4,92,No,9,6,77,Home
4,60,No,4,1,39,Home
3,66,No,4,6,45,Home
8,85,Yes,6,1,77,Home
8,45,No,5,6,34,Home
1,77,No,8,7,51,Home
7,88,Yes,4,9,82,Home
2,50,Yes,8,7,23,Home
1,86,Yes,5,4,62,Home
3,80,No,5,6,60,Home
4,92,Yes,4,7,75,Home
6,56,No,7,3,43,Home
5,95,No,8,1,82,Home
4,78,No,8,6,65,Home
8,46,No,6,0,39,Home
4,69,Yes,5,1,50,Home
2,60,Yes,5,9,43,Home
3,40,No,4,6,19,Home
6,64,No,4,9,49,Home
8,71,Yes,4,0,64,Home
8,98,Yes,6,6,92,Home
9,96,No,7,4,93,Home
7,47,No,4,2,39,Home
2,44,No,4,1,20,Home
8,69,No,9,6,61,Home
7,90,No,4,8,77,Home
8,47,Yes,6,8,42,Home
3,88,No,8,9,72,Home
7,58,Yes,7,9,46,Home
9,83,No,8,7,83,Home
3,98,Yes,9,1,84,Home
6,94,No,5,0,83,Home
2,69,Yes,5,7,45,Home
2,54,Yes,4,1,31,Home
5,75,No,9,3,62,Home
5,94,No,8,3,84,Home
7,83,Yes,6,1,76,Home
2,66,Yes,7,3,42,Home
7,52,Yes,8,6,46,Home
5,53,No,9,5,38,Home
6,76,Yes,9,9,69,Home
8,93,No,8,5,88,Home
4,87,No,7,3,70,Home
7,69,No,8,1,61,Home
6,78,No,8,4,66,Home
2,86,No,7,2,63,Home
8,52,No,6,2,46,Home
9,97,Yes,9,3,95,Home
5,55,Yes,7,4,41,Home
4,83,No,4,1,62,Home
6,46,Yes,4,5,31,Home
8,87,Yes,4,5,81,Home
3,94,No,4,7,76,Home
1,94,Yes,5,1,70,Home
4,66,No,6,7,51,Home
4,84,No,5,7,69,Home
1,94,No,8,3,69,Home
9,74,No,8,6,71,Home
3,54,Yes,7,6,34,Home
5,67,Yes,4,0,51,Home
6,74,No,7,0,60,Home
8,46,Yes,8,7,43,Home
6,89,No,4,0,74,Home
3,85,No,9,2,62,Home
6,89,Yes,6,5,80,Home
1,90,Yes,8,7,67,Home
4,85,No,9,4,65,Home
6,59,Yes,7,4,47,Home
7,71,No,9,3,63,Home
3,77,No,7,3,57,Home
9,79,Yes,8,6,82,Home
7,71,No,5,5,60,Home
1,65,Yes,6,7,38,Home
2,97,No,9,5,78,Home
1,78,No,9,9,54,Home
9,59,No,8,6,59,Home
9,57,No,8,9,55,Home
7,89,No,7,9,84,Home
3,54,Yes,4,4,32,Home
5,91,No,4,5,75,Home
4,61,Yes,4,0,40,Home
7,90,Yes,7,2,85,Home
9,61,Yes,4,7,56,Home
2,92,No,8,2,67,Home
8,60,Yes,5,0,56,Home
9,41,Yes,5,2,38,Home
9,79,Yes,5,3,79,Home
7,92,No,4,7,81,Home
9,82,No,5,8,80,Home
9,57,No,9,3,57,Home
3,62,No,4,6,38,Home
4,52,Yes,9,0,36,Home
2,80,No,8,8,58,Home
3,48,Yes,9,3,28,Home
5,88,No,8,8,74,Home
5,46,Yes,7,2,32,Home
6,80,No,7,4,68,Home
7,93,No,9,0,83,Home
7,40,No,6,2,33,Home
1,41,No,8,4,15,Home
2,43,Yes,4,5,16,Home
9,53,No,6,7,48,Home
2,71,No,8,0,45,Home
6,75,No,4,2,60,Home
1,41,Yes,8,0,16,Home
3,79,No,8,4,61,Home
2,89,No,4,7,67,Home
3,90,Yes,8,3,70,Home
5,53,Yes,8,8,40,Home
6,59,Yes,8,5,49,Home
9,64,No,7,5,63,Home
4,81,Yes,5,4,63,Home
7,88,No,8,9,82,Home
6,47,Yes,4,4,33,Home
2,67,No,9,6,41,Home
8,85,Yes,8,7,83,Home
7,60,Yes,7,6,53,Home
7,62,Yes,7,0,53,Home
8,71,No,9,0,66,Home
1,47,Yes,8,9,25,Home
1,70,No,6,5,44,Home
8,76,Yes,9,2,66,Home
4,55,Yes,5,8,34,Home
5,79,Yes,4,6,67,Home
8,81,No,4,1,74,Home
5,66,No,4,2,52,Home
4,79,No,4,7,64,Home
6,80,Yes,7,0,71,Home
5,57,No,5,4,39,Home
7,74,No,8,9,66,Home
7,88,Yes,8,0,78,Home
4,91,Yes,6,8,75,Home
5,54,No,8,6,37,Home
3,92,No,5,4,71,Home
4,66,Yes,8,5,47,Home
4,56,No,7,2,37,Home
3,79,Yes,9,2,63,Home
5,41,Yes,8,6,26,Home
5,88,No,4,6,71,Home
7,89,No,4,6,80,Home
4,70,Yes,9,1,54,Home
4,76,No,4,1,57,Home
9,80,Yes,4,4,75,Home
6,80,No,7,3,67,Home
4,73,Yes,7,6,57,Home
2,73,No,7,2,52,Home
6,90,No,8,4,78,Home
2,94,Yes,9,1,72,Home
5,98,No,4,0,78,Home
6,42,Yes,6,8,30,Home
4,56,No,9,3,40,Home
3,53,No,6,7,35,Home
7,53,No,4,6,41,Home
2,85,No,5,0,61,Home
6,77,Yes,9,9,69,Home
4,74,Yes,8,6,55,Home
6,40,No,6,1,24,Home
4,87,Yes,9,2,72,Home
4,68,Yes,9,0,52,Home
4,43,No,7,6,26,Home
9,72,Yes,5,2,66,Home
7,56,Yes,7,5,45,Home
3,67,No,5,6,47,Home
3,89,No,5,2,68,Home
6,65,No,8,1,49,Home
6,47,No,9,8,37,Home
4,73,Yes,7,8,61,Home
9,98,No,7,6,97,Home
4,57,Yes,6,4,38,Home
9,70,Yes,9,3,69,Home
4,98,No,4,3,79,Home
2,66,Yes,4,0,45,Home
2,55,Yes,6,3,29,Home
5,97,Yes,5,6,86,Home
4,49,No,6,4,29,Home
7,79,Yes,6,8,72,Home
5,51,No,7,3,37,Home
6,61,No,6,2,51,Home
4,55,Yes,5,5,39,Home
2,51,Yes,4,3,24,Home
9,50,No,8,1,47,Home
7,59,No,9,4,52,Home
4,90,No,6,3,75,Home
3,40,No,9,4,18,Home
3,66,No,6,8,44,Home
9,42,Yes,9,3,37,Home
5,51,No,7,5,37,Home
3,69,Yes,7,3,50,Home
5,48,No,9,0,34,Home
2,92,Yes,6,1,68,Home
4,93,No,6,5,76,Home
2,76,Yes,5,7,53,Home
2,40,Yes,4,8,16,Home
8,81,No,4,3,70,Home
1,88,Yes,8,5,62,Home
7,43,No,4,2,33,Home
5,54,No,8,8,40,Home
8,90,Yes,7,7,85,Home
1,66,Yes,8,0,43,Home
7,47,No,8,1,40,Home
5,99,No,4,9,83,Home
4,99,No,6,8,86,Home
7,62,Yes,7,9,54,Home
2,54,Yes,5,2,32,Home
1,66,No,8,2,40,Home
1,70,Yes,8,9,45,Home
1,78,Yes,9,8,56,Home
5,86,Yes,8,2,71,Home
7,47,No,6,9,38,Home
2,69,No,5,4,45,Home
8,97,Yes,9,5,93,Home
4,94,Yes,4,2,73,Home
3,81,No,7,9,63,Home
8,57,Yes,6,7,54,Home
2,43,No,5,1,18,Home
3,86,No,7,5,65,Home
3,82,No,4,1,64,Home
1,61,No,7,8,35,Home
6,42,No,9,5,31,Home
2,54,No,8,8,26,Home
1,74,No,8,3,46,Home
2,86,Yes,6,2,65,Home
6,77,No,7,1,72,Home
4,72,Yes,8,7,59,Home
6,53,Yes,6,3,39,Home
9,87,Yes,6,1,85,Home
8,40,No,9,8,35,Home
1,92,Yes,6,7,67,Home
8,88,No,4,4,78,Home
9,65,No,8,7,64,Home
6,47,Yes,8,4,34,Home
5,89,Yes,5,6,70,Home
6,55,Yes,4,4,42,Home
6,77,Yes,8,4,61,Home
9,49,No,9,3,45,Home
4,81,Yes,8,4,66,Home
2,76,Yes,5,6,56,Home
9,65,Yes,7,2,63,Home
2,67,Yes,7,3,44,Home
9,51,Yes,4,7,46,Home
2,59,No,6,5,34,Home
8,88,No,5,7,85,Home
9,53,No,5,1,46,Home
9,85,Yes,8,8,84,Home
9,74,Yes,9,6,74,Home
2,68,No,8,4,41,Home
4,51,No,9,6,30,Home
7,91,No,5,1,82,Home
2,57,No,6,3,30,Home
1,83,Yes,7,6,59,Home
3,41,Yes,4,1,17,Home
4,41,Yes,9,7,26,Home
8,98,No,7,9,94,Home
6,56,No,4,9,46,Home
2,49,No,6,4,26,Home
9,57,Yes,5,4,54,Home
2,61,Yes,6,7,42,Home
5,58,No,9,0,42,Home
4,97,Yes,5,5,80,Home
7,92,No,8,1,85,Home
8,40,No,4,0,26,Home
5,63,No,8,6,52,Home
5,75,Yes,5,3,60,Home
2,64,No,4,0,40,Home
8,75,No,4,9,68,Home
2,70,Yes,8,5,49,Home
6,70,No,4,9,59,Home
8,41,No,5,5,32,Home
6,58,Yes,9,2,47,Home
4,92,No,9,5,77,Home
4,51,No,5,9,36,Home
6,49,No,8,8,38,Home
4,70,Yes,6,5,50,Home
8,84,No,5,0,77,Home
9,61,No,9,9,59,Home
1,62,No,5,5,37,Home
4,91,Yes,4,7,72,Home
4,62,Yes,4,6,41,Home
2,54,Yes,5,7,34,Home
6,65,No,8,7,54,Home
3,42,Yes,6,8,21,Home
7,62,No,4,2,50,Home
5,59,Yes,9,6,49,Home
4,84,Yes,4,5,71,Home
5,79,Yes,9,1,64,Home
8,96,Yes,6,4,90,Home
3,78,No,4,2,57,Home
7,95,Yes,8,4,84,Home
6,47,No,9,8,36,Home
1,57,No,4,7,34,Home
7,80,No,4,8,70,Home
7,45,Yes,5,8,39,Home
1,66,Yes,8,7,42,Home
9,75,No,8,7,69,Home
6,54,Yes,5,5,44,Home
2,76,No,9,5,54,Home
5,97,Yes,7,5,87,Home
4,44,Yes,6,9,28,Home
7,78,No,8,5,70,Home
8,48,Yes,7,8,44,Home
1,46,No,9,9,23,Home
5,80,No,6,0,61,Home
3,59,Yes,8,9,43,Home
1,49,Yes,4,5,22,Home
3,65,Yes,8,7,47,Home
6,43,No,6,0,31,Home
7,77,Yes,7,5,71,Home
8,63,Yes,4,8,59,Home
4,53,Yes,6,5,37,Home
3,80,Yes,9,1,58,Home
5,40,No,6,0,24,Home
9,56,Yes,8,3,52,Home
6,84,No,9,5,74,Home
9,63,Yes,5,9,60,Home
6,66,Yes,5,9,59,Home
2,46,Yes,4,8,20,Home
5,48,No,6,4,33,Home
9,82,No,7,6,80,Home
8,74,Yes,4,5,67,Home
7,97,No,9,5,90,Home
1,51,No,4,8,29,Home
4,60,Yes,8,4,44,Home
7,42,Yes,9,1,37,Home
7,54,Yes,7,7,45,Home
6,60,Yes,6,2,50,Home
8,49,Yes,9,8,44,Home
6,72,Yes,6,4,59,Home
3,85,No,6,0,60,Home
4,98,Yes,4,3,78,Home
3,91,Yes,8,8,73,Home
1,45,Yes,4,0,20,Home
5,41,Yes,5,7,26,Home
1,68,No,5,7,42,Home
1,94,No,6,8,71,Home
2,79,No,8,8,57,Home
4,72,Yes,9,5,55,Home
6,43,Yes,6,4,29,Home
8,98,No,9,6,96,Home
3,43,No,6,8,23,Home
1,68,Yes,4,4,42,Home
3,76,Yes,6,2,54,Home
3,99,Yes,6,8,83,Home
5,99,Yes,8,9,91,Home
4,59,Yes,8,0,42,Home
4,80,No,9,0,65,Home
9,62,Yes,8,9,60,Home
7,84,No,6,3,77,Home
4,57,Yes,8,1,41,Home
3,88,No,8,6,67,Home
6,64,No,7,1,53,Home
3,40,No,7,6,21,Home
6,93,Yes,5,7,82,Home
9,54,Yes,4,7,52,Home
6,73,Yes,4,2,60,Home
4,87,No,8,8,71,Home
5,59,No,5,9,45,Home
6,93,Yes,5,9,82,Home
3,76,No,9,9,57,Home
8,66,No,7,5,63,Home
4,61,No,5,3,41,Home
8,90,No,6,7,84,Home
3,44,Yes,9,3,24,Home
7,73,No,8,3,63,Home
9,78,Yes,6,7,79,Home
4,42,No,4,3,20,Home
8,56,No,7,0,50,Home
3,63,Yes,6,5,43,Home
7,63,No,8,7,56,Home
3,42,Yes,6,2,21,Home
7,84,Yes,6,1,76,Home
6,46,Yes,5,5,34,Home
2,64,Yes,7,0,42,Home
3,95,Yes,4,4,78,Home
6,42,Yes,8,5,28,Home
4,54,Yes,9,7,39,Home
6,68,No,9,6,56,Home
1,89,Yes,8,5,63,Home
1,68,No,4,1,38,Home
3,49,No,8,7,29,Home
8,71,No,5,7,67,Home
8,62,Yes,9,4,57,Home
4,78,Yes,9,2,63,Home
6,48,No,6,7,38,Home
8,76,Yes,5,4,68,Home
7,91,No,9,2,82,Home
7,79,No,5,8,70,Home
4,53,No,5,8,32,Home
9,43,Yes,4,6,43,Home
6,59,No,9,7,49,Home
3,67,Yes,7,4,49,Home
5,53,No,4,4,36,Home
5,83,Yes,4,4,69,Home
5,73,No,5,1,57,Home
8,52,Yes,7,2,47,Home
9,70,No,4,7,69,Home
9,72,Yes,7,5,65,Home
6,91,Yes,9,8,84,Home
6,78,Yes,5,6,66,Home
9,67,No,4,5,60,Home
4,64,No,7,3,44,Home
6,71,No,8,6,61,Home
4,48,Yes,4,3,30,Home
1,67,Yes,4,6,39,Home
7,97,No,4,4,85,Home
6,70,No,7,1,58,Home
9,56,Yes,6,6,53,Home
7,92,No,9,7,86,Home
7,62,Yes,4,9,55,Home
2,52,Yes,8,1,32,Home
9,94,Yes,8,5,94,Home
9,49,No,5,3,41,Home
6,55,Yes,6,4,43,Home
3,45,No,6,0,25,Home
1,87,Yes,7,5,64,Home
4,50,No,5,7,37,Home
3,97,No,7,1,79,Home
1,91,Yes,5,0,62,Home
3,42,Yes,9,8,21,Home
4,67,Yes,6,1,49,Home
8,80,Yes,9,7,77,Home
9,54,No,7,4,50,Home
3,99,No,5,1,79,Home
6,52,No,6,4,35,Home
5,81,No,6,8,66,Home
6,91,No,4,5,74,Home
4,95,Yes,7,2,77,Home
6,84,Yes,4,7,72,Home
7,56,No,6,0,48,Home
9,46,Yes,7,8,42,Home
7,67,Yes,7,8,59,Home
6,77,Yes,9,3,66,Home
1,52,Yes,8,7,27,Home
2,99,Yes,5,2,75,Home
1,56,Yes,8,5,31,Home
9,54,No,8,9,51,Home
9,75,Yes,6,9,74,Home
7,67,Yes,9,7,63,Home
2,54,No,5,8,31,Home
6,85,No,8,7,79,Home
4,92,No,8,8,77,Home
1,50,Yes,7,3,26,Home
1,95,No,6,9,69,Home
5,70,Yes,8,0,56,Home
2,43,No,5,6,18,Home
4,74,Yes,4,9,55,Home
1,73,Yes,4,3,45,Home
4,91,No,6,0,74,Home
6,66,Yes,4,2,56,Home
4,49,Yes,7,6,34,Home
1,69,Yes,7,2,44,Home
7,84,Yes,5,0,73,Home
2,59,No,9,6,38,Home
9,68,No,6,7,64,Home
3,97,No,6,4,75,Home
8,92,Yes,4,5,84,Home
8,68,No,8,2,62,Home
3,62,No,8,4,41,Home
4,96,Yes,9,2,81,Home
2,89,No,8,1,66,Home
4,60,No,9,6,45,Home
9,87,No,5,9,84,Home
2,82,Yes,6,6,60,Home
3,49,No,4,7,26,Home
4,80,No,5,0,64,Home
5,51,No,7,1,32,Home
1,69,Yes,7,1,48,Home
7,90,Yes,7,2,83,Home
7,72,No,9,6,62,Home
9,57,No,9,6,55,Home
4,53,No,6,6,36,Home
6,61,Yes,7,0,52,Home
2,60,Yes,9,1,35,Home
4,40,No,9,7,21,Home
2,88,No,8,8,67,Home
5,82,Yes,9,9,71,Home
7,91,Yes,7,6,87,Home
1,99,No,5,0,70,Home
7,54,Yes,7,3,43,Home
6,75,No,8,9,69,Home
6,86,No,7,7,75,Home
8,93,Yes,4,4,85,Home
8,61,No,8,0,56,Home
6,71,No,6,6,55,Home
3,97,No,7,5,78,Home
5,85,No,9,8,71,Home
2,93,No,5,3,68,Home
5,72,No,7,3,60,Home
9,97,No,5,7,95,Home
1,80,Yes,4,3,51,Home
5,98,Yes,6,2,84,Home
6,78,No,9,6,68,Home
7,62,Yes,8,4,54,Home
9,82,No,8,8,79,Home
6,94,No,6,4,83,Home
5,41,Yes,4,8,28,Home
7,41,No,4,5,31,Home
1,77,No,7,5,50,Home
5,94,Yes,4,5,79,Home
2,90,Yes,7,6,64,Home
4,68,Yes,5,3,53,Home
7,91,Yes,6,3,81,Home
5,85,Yes,5,8,70,Home
6,99,Yes,5,6,85,Home
2,42,No,5,9,20,Home
3,78,Yes,5,5,60,Home
7,46,Yes,8,0,36,Home
2,75,No,4,6,49,Home
6,68,No,6,5,56,Home
5,94,Yes,6,3,79,Home
1,76,No,9,7,53,Home
4,88,No,5,6,70,Home
2,97,No,6,7,74,Home
4,75,No,7,8,60,Home
1,62,No,6,0,32,Home
2,84,No,5,2,59,Home
8,55,No,6,1,48,Home
6,87,Yes,4,2,74,Home
2,70,No,5,1,46,Home
6,73,Yes,8,5,63,Home
9,89,No,4,8,87,Home
7,40,No,6,1,29,Home
9,57,Yes,8,3,51,Home
5,97,No,9,4,81,Home
7,79,No,4,4,70,Home
7,82,Yes,9,0,75,Home
3,95,No,7,5,75,Home
7,95,No,4,4,85,Home
1,54,Yes,8,5,28,Home
9,87,Yes,9,3,84,Home
6,88,No,7,5,76,Home
5,56,Yes,9,8,43,Home
7,83,No,6,0,73,Home
5,49,No,5,5,33,Home
5,59,Yes,9,0,45,Home
7,45,Yes,6,6,38,Home
7,47,Yes,5,3,39,Home
3,84,Yes,5,5,67,Home
3,73,No,8,6,53,Home
3,71,Yes,7,4,50,Home
6,90,Yes,7,8,80,Home
6,93,No,4,7,80,Home
3,81,No,6,2,60,Home
3,43,No,8,0,23,Home
8,83,No,9,9,80,Home
8,89,No,6,7,83,Home
7,78,No,9,3,72,Home
4,59,No,9,6,46,Home
4,63,No,9,3,45,Home
3,63,No,4,6,42,Home
5,94,Yes,4,0,78,Home
3,65,Yes,8,0,43,Home
8,64,No,4,1,55,Home
7,75,Yes,8,4,67,Home
3,46,No,4,9,28,Home
9,49,No,7,5,48,Home
5,97,No,8,1,81,Home
9,86,No,7,0,84,Home
7,51,Yes,7,8,41,Home
7,40,Yes,8,6,31,Home
6,91,No,6,7,83,Home
2,89,Yes,5,5,70,Home
9,64,Yes,4,8,57,Home
6,55,No,9,7,45,Home
8,44,No,4,3,37,Home
1,58,Yes,9,4,33,Home
5,43,Yes,6,1,28,Home
1,45,No,5,0,16,Home
8,65,No,6,5,60,Home
8,88,Yes,5,2,81,Home
1,78,No,8,3,54,Home
9,95,No,8,0,94,Home
2,94,No,9,5,74,Home
9,78,Yes,7,7,76,Home
1,48,Yes,7,9,19,Home
9,84,No,9,3,83,Home
4,91,Yes,8,9,73,Home
9,53,No,9,7,52,Home
7,87,Yes,7,9,81,Home
6,94,Yes,9,2,84,Home
5,48,Yes,8,6,35,Home
9,54,No,6,2,53,Home
2,76,No,4,5,55,Home
2,89,No,8,3,66,Home
9,92,Yes,9,5,87,Home
3,59,No,8,6,43,Home
8,47,No,8,7,39,Home
9,71,No,7,5,68,Home
8,86,No,9,3,81,Home
4,60,Yes,7,8,45,Home
1,96,No,9,6,75,Home
4,80,No,7,8,64,Home
9,58,Yes,7,2,54,Home
2,68,No,6,4,45,Home
3,97,Yes,8,0,75,Home
8,70,Yes,6,7,64,Home
6,93,Yes,7,0,81,Home
8,45,No,6,0,39,Home
7,43,Yes,8,6,38,Home
5,82,Yes,8,7,72,Home
9,68,Yes,7,2,67,Home
4,81,No,8,1,66,Home
6,42,Yes,6,6,32,Home
2,40,Yes,5,9,17,Home
2,83,Yes,8,4,59,Home
2,94,No,6,0,70,Home
7,54,Yes,6,1,41,Home
2,86,Yes,6,2,62,Home
2,60,No,8,5,38,Home
9,85,No,5,0,81,Home
7,97,No,7,7,88,Home
3,70,Yes,7,1,46,Home
3,46,Yes,8,4,25,Home
7,56,Yes,8,7,48,Home
5,95,Yes,4,4,81,Home
6,58,No,9,7,49,Home
8,78,Yes,5,5,72,Home
9,99,No,6,6,96,Home
1,42,Yes,9,7,17,Home
3,69,Yes,6,2,48,Home
7,74,Yes,9,4,69,Home
6,97,No,7,9,85,Home
7,96,No,9,6,85,Home
8,68,No,8,8,64,Home
6,89,No,5,5,79,Home
3,91,Yes,7,9,74,Home
2,93,Yes,9,0,69,Home
7,53,Yes,5,7,44,Home
1,74,Yes,8,5,50,Home
3,67,Yes,6,0,48,Home
4,97,No,4,3,77,Home
1,69,No,5,5,46,Home
5,65,Yes,6,9,51,Home
3,46,Yes,5,0,23,Home
2,78,Yes,5,9,56,Home
3,70,Yes,5,4,47,Home
8,44,No,8,2,42,Home
6,74,Yes,7,6,64,Home
7,89,Yes,5,7,80,Home
6,86,Yes,8,2,73,Home
6,91,Yes,4,9,80,Home
3,53,No,7,2,34,Home
8,75,Yes,8,2,69,Home
7,66,No,4,5,54,Home
7,63,No,7,5,56,Home
6,79,Yes,8,2,66,Home
5,68,Yes,4,5,53,Home
8,92,Yes,8,8,89,Home
5,84,Yes,4,7,70,Home
9,61,Yes,5,6,59,Home
9,47,No,5,6,41,Home
1,54,No,7,7,28,Home
6,88,No,4,6,75,Home
7,44,No,5,2,34,Home
3,91,No,7,7,68,Home
7,43,Yes,6,7,32,Home
7,50,Yes,5,0,44,Home
2,57,No,5,9,35,Home
7,81,Yes,9,4,74,Home
1,88,Yes,8,4,64,Home
5,69,No,6,0,57,Home
9,54,No,4,5,46,Home
7,45,No,7,5,36,Home
7,94,Yes,6,3,85,Home
2,92,No,4,5,71,Home
8,55,No,5,5,49,Home
3,86,Yes,9,0,71,Home
8,79,Yes,7,4,76,Home
3,48,No,7,1,26,Home
7,82,Yes,6,6,74,Home
2,98,No,8,8,78,Home
4,73,Yes,4,8,59,Home
6,66,No,9,8,55,Home
9,52,Yes,9,6,51,Home
5,75,Yes,6,6,57,Home
9,66,Yes,8,0,63,Home
5,48,No,8,5,37,Home
8,44,No,8,4,41,Home
1,90,No,7,7,67,Home
7,61,Yes,4,7,56,Home
4,70,Yes,4,3,51,Home
5,42,Yes,6,0,26,Home
6,69,No,5,5,56,Home
5,60,Yes,6,9,48,Home
1,74,No,4,0,52,Home
9,45,No,7,4,42,Home
2,67,No,6,4,41,Home
9,71,No,5,2,64,Home
2,81,No,9,4,57,Home
9,76,Yes,6,5,72,Home
6,64,Yes,8,4,52,Home
9,71,Yes,5,0,67,Home
6,74,Yes,8,6,61,Home
6,61,Yes,7,2,51,Home
2,63,Yes,4,6,42,Home
8,78,No,6,4,71,Home
3,93,Yes,6,2,74,Home
7,69,No,8,5,62,Home
5,89,No,8,0,76,Home
3,71,No,4,5,50,Café 
1,70,No,6,3,42,Café 
8,62,No,4,3,55,Café 
3,79,Yes,8,4,60,Café 
2,72,Yes,9,8,52,Café 
1,64,Yes,8,0,36,Café 
4,75,No,5,2,53,Café 
8,63,Yes,8,3,54,Café 
3,70,Yes,8,1,47,Café 
1,97,No,9,8,70,Café 
4,78,No,4,6,62,Café 
9,85,Yes,5,0,82,Café 
1,52,No,5,8,26,Café 
2,49,No,6,5,25,Café 
9,62,No,9,1,55,Café 
2,57,Yes,7,0,34,Café 
3,71,No,6,5,51,Café 
7,72,No,6,6,63,Café 
3,75,No,6,9,54,Café 
9,67,No,5,5,62,Café 
6,55,No,4,6,43,Café 
3,55,Yes,8,5,34,Café 
9,57,Yes,5,7,56,Café 
1,47,No,8,1,24,Café 
3,81,No,8,8,65,Café 
1,55,Yes,7,8,31,Café 
2,94,Yes,6,8,72,Café 
8,95,No,7,6,90,Café 
7,50,No,6,8,43,Café 
2,45,Yes,5,0,23,Café 
2,40,No,8,2,18,Café 
9,51,No,7,1,44,Café 
6,96,Yes,9,0,84,Café 
5,77,Yes,5,4,62,Café 
6,67,Yes,5,0,56,Café 
9,84,Yes,9,2,87,Café 
7,97,No,6,5,89,Café 
9,56,No,8,5,55,Café 
4,40,No,6,2,18,Café 
2,71,No,6,3,46,Café 
8,47,Yes,5,6,42,Café 
4,93,Yes,6,5,72,Café 
9,79,No,4,1,75,Café 
4,95,No,9,8,79,Café 
8,82,No,9,5,78,Café 
9,85,Yes,8,1,81,Café 
9,63,Yes,9,6,63,Café 
4,49,Yes,6,9,35,Café 
1,86,No,6,9,63,Café 
3,78,No,7,3,59,Café 
9,78,No,8,0,76,Café 
4,49,Yes,8,9,33,Café 
5,75,No,9,8,62,Café 
7,64,Yes,6,9,58,Café 
5,99,No,4,7,82,Café 
4,89,No,7,4,73,Café 
2,98,Yes,4,2,75,Café 
2,96,Yes,6,3,71,Café 
4,49,No,8,2,30,Café 
9,58,Yes,8,9,58,Café 
8,85,Yes,4,7,80,Café 
3,84,Yes,5,4,65,Café 
9,54,Yes,6,7,51,Café 
5,55,Yes,8,0,44,Café 
3,41,No,9,8,23,Café 
5,68,No,5,9,56,Café 
4,43,No,8,2,25,Café 
8,92,No,9,0,89,Café 
5,89,Yes,8,2,75,Café 
8,68,No,5,1,60,Café 
9,70,Yes,4,6,64,Café 
4,56,No,6,9,40,Café 
7,49,No,5,3,37,Café 
2,66,Yes,5,6,42,Café 
6,92,No,8,2,78,Café 
8,80,No,9,5,72,Café 
7,54,No,5,6,44,Café 
7,99,No,6,6,89,Café 
8,83,No,4,4,77,Café 
7,70,No,9,5,62,Café 
5,60,No,4,2,46,Café 
7,99,Yes,4,3,94,Café 
3,98,No,6,5,80,Café 
5,97,No,8,2,83,Café 
7,80,No,9,6,74,Café 
9,85,No,9,2,85,Café 
2,84,No,6,8,61,Café 
4,99,No,9,3,85,Café 
7,65,Yes,5,1,58,Café 
1,77,No,7,5,52,Café 
2,90,No,7,8,69,Café 
9,75,Yes,7,9,78,Café 
7,91,Yes,4,9,82,Café 
7,56,No,9,1,47,Café 
6,90,No,6,3,79,Café 
3,42,No,9,4,21,Café 
3,53,Yes,6,8,33,Café 
2,88,Yes,9,6,65,Café 
6,52,No,4,4,35,Café 
4,80,No,5,5,63,Café 
5,66,Yes,7,8,50,Café 
3,40,Yes,7,3,18,Café 
6,96,Yes,9,1,88,Café 
3,56,Yes,4,4,35,Café 
8,87,No,7,6,82,Café 
9,89,Yes,9,3,87,Café 
4,73,Yes,8,0,59,Café 
9,53,No,9,7,56,Café 
7,93,Yes,6,4,86,Café 
3,94,No,7,9,70,Café 
7,98,Yes,7,1,90,Café 
1,56,No,8,2,28,Café 
3,42,Yes,5,9,21,Café 
6,73,No,9,9,64,Café 
4,79,No,5,4,61,Café 
7,64,Yes,9,3,54,Café 
3,41,No,8,8,20,Café 
1,73,No,5,8,49,Café 
9,65,Yes,4,7,65,Café 
6,70,No,8,1,61,Café 
8,48,No,9,4,40,Café 
3,69,Yes,6,7,49,Café 
8,59,Yes,6,7,52,Café 
2,60,No,6,6,38,Café 
4,68,No,9,3,51,Café 
3,98,No,7,2,76,Café 
1,64,No,8,7,42,Café 
7,77,No,8,7,68,Café 
2,97,Yes,5,9,77,Café 
4,83,No,8,4,65,Café 
9,64,Yes,8,2,63,Café 
6,48,Yes,5,4,35,Café 
8,78,Yes,8,3,71,Café 
2,83,Yes,8,7,64,Café 
7,65,No,4,1,53,Café 
6,96,No,9,7,87,Café 
9,76,No,5,9,71,Café 
7,55,Yes,4,5,43,Café 
1,76,Yes,7,3,54,Café 
8,51,No,5,2,44,Café 
3,63,Yes,9,9,45,Café 
2,65,No,8,4,42,Café 
3,59,Yes,8,5,38,Café 
6,48,Yes,4,0,36,Café 
3,62,Yes,4,0,43,Café 
5,78,Yes,7,9,67,Café 
6,68,Yes,7,2,58,Café 
8,70,Yes,9,1,64,Café 
7,58,Yes,8,0,51,Café 
8,59,No,6,7,57,Café 
3,62,No,7,0,40,Café 
4,82,Yes,8,9,68,Café 
6,66,Yes,7,7,58,Café 
7,69,No,5,4,63,Café 
9,60,Yes,4,3,56,Café 
1,83,No,8,7,60,Café 
8,74,No,7,7,68,Café 
8,88,No,4,7,82,Café 
6,46,No,6,2,33,Café 
4,61,No,7,7,47,Café 
3,49,Yes,8,0,32,Café 
3,62,Yes,5,3,39,Café 
6,54,No,4,4,41,Café 
8,69,Yes,4,5,61,Café 
7,73,No,5,4,63,Café 
1,52,Yes,8,4,27,Café 
6,99,Yes,9,4,88,Café 
7,43,Yes,6,8,35,Café 
7,57,Yes,9,9,48,Café 
9,95,Yes,5,9,95,Café 
5,62,Yes,6,2,48,Café 
1,72,Yes,8,1,45,Café 
2,73,Yes,7,9,49,Café 
4,73,No,7,1,57,Café 
5,75,No,9,7,61,Café 
9,74,Yes,8,4,75,Café 
1,56,Yes,6,4,26,Café 
3,67,Yes,9,5,47,Café 
5,53,No,5,8,37,Café 
3,73,Yes,9,6,55,Café 
4,87,Yes,8,4,73,Café 
3,50,No,8,4,30,Café 
4,96,No,7,9,80,Café 
1,52,No,5,8,24,Café 
8,72,Yes,7,8,66,Café 
4,96,No,6,1,77,Café 
7,94,Yes,6,6,86,Café 
2,41,No,4,9,13,Café 
2,73,Yes,8,0,52,Café 
6,92,Yes,5,3,80,Café 
2,68,Yes,5,1,44,Café 
6,76,No,7,9,68,Café 
2,43,Yes,9,8,23,Café 
4,51,Yes,9,5,36,Café 
7,65,Yes,7,3,58,Café 
8,97,No,9,2,91,Café 
3,67,Yes,5,3,48,Café 
9,42,Yes,7,1,40,Café 
2,59,Yes,9,4,33,Café 
8,49,Yes,4,8,46,Café 
8,91,No,8,5,87,Café 
4,57,Yes,4,1,39,Café 
1,92,No,9,5,70,Café 
1,92,No,6,8,67,Café 
2,92,Yes,5,3,68,Café 
9,66,No,4,0,61,Café 
2,70,No,4,1,51,Café 
2,66,No,7,4,43,Café 
6,81,Yes,7,9,70,Café 
7,40,No,7,6,34,Café 
7,45,No,9,7,33,Café 
9,50,Yes,6,2,46,Café 
6,73,Yes,4,8,60,Café 
8,78,No,8,1,73,Café 
6,59,No,7,3,47,Café 
2,92,No,6,3,67,Café 
1,60,Yes,9,5,37,Café 
5,60,No,6,9,44,Café 
9,57,Yes,7,5,55,Café 
8,60,No,5,2,52,Café 
4,58,No,4,8,42,Café 
5,43,Yes,7,4,28,Café 
5,52,No,8,1,31,Café 
6,57,Yes,4,5,42,Café 
3,91,No,6,2,71,Café 
5,68,Yes,8,7,54,Café 
2,64,Yes,4,2,42,Café 
1,95,No,8,4,68,Café 
1,52,Yes,6,3,27,Café 
7,66,No,7,3,59,Café 
2,99,Yes,8,1,77,Café 
4,58,Yes,7,7,43,Café 
5,88,Yes,6,2,73,Café 
7,40,No,6,3,31,Café 
2,77,Yes,8,5,55,Café 
6,58,Yes,8,8,49,Café 
1,91,Yes,6,3,65,Café 
7,40,No,8,2,30,Café 
9,79,No,8,4,75,Café 
5,56,Yes,8,8,43,Café 
5,60,Yes,9,0,49,Café 
4,61,No,8,4,44,Café 
3,54,Yes,4,3,35,Café 
9,89,Yes,6,4,88,Café 
5,78,Yes,6,6,65,Café 
8,87,Yes,5,6,82,Café 
9,78,Yes,7,6,76,Café 
5,71,Yes,5,0,54,Café 
9,88,No,8,8,90,Café 
2,43,Yes,8,6,23,Café 
9,83,Yes,4,3,79,Café 
4,84,No,4,3,65,Café 
6,71,No,4,1,59,Café 
6,43,No,4,5,28,Café 
6,92,No,4,9,79,Café 
2,40,Yes,4,2,11,Café 
7,72,No,4,0,61,Café 
6,46,Yes,4,4,36,Café 
1,48,No,9,5,22,Café 
2,40,No,4,4,20,Café 
7,55,No,6,4,45,Café 
1,57,Yes,4,9,32,Café 
1,93,No,7,7,68,Café 
1,86,No,4,9,55,Café 
8,45,No,9,0,38,Café 
4,41,Yes,8,7,23,Café 
4,48,Yes,9,6,33,Café 
2,43,No,9,0,22,Café 
1,84,Yes,8,8,60,Café 
9,62,No,4,3,58,Café 
7,93,Yes,4,6,84,Café 
4,82,No,8,2,67,Café 
6,84,Yes,7,7,79,Café 
2,82,No,5,3,61,Café 
7,90,Yes,6,1,80,Café 
2,47,Yes,8,1,27,Café 
8,78,No,4,7,72,Café 
8,64,No,6,7,61,Café 
1,55,Yes,4,0,25,Café 
8,74,No,5,5,67,Café 
2,56,No,5,8,33,Café 
6,57,No,8,8,46,Café 
1,99,No,6,1,73,Café 
5,66,Yes,9,7,54,Café 
7,54,No,6,7,44,Café 
1,99,Yes,9,3,74,Café 
2,56,Yes,5,3,31,Café 
7,82,No,4,4,73,Café 
6,44,No,9,9,34,Café 
3,55,Yes,9,6,36,Café 
2,54,No,8,0,27,Café 
4,81,No,7,8,66,Café 
3,85,Yes,5,2,66,Café 
7,73,Yes,9,3,64,Café 
8,87,Yes,5,6,82,Café 
2,58,No,8,4,34,Café 
7,47,No,4,4,38,Café 
8,86,Yes,6,0,79,Café 
6,49,Yes,5,1,35,Café 
6,44,No,8,4,33,Café 
1,91,No,8,1,65,Café 
4,87,No,8,0,69,Café 
1,92,Yes,6,9,66,Café 
4,65,No,5,2,45,Café 
2,61,No,9,0,37,Café 
5,83,Yes,8,9,71,Café 
9,62,No,6,7,59,Café 
3,52,Yes,4,7,32,Café 
8,48,No,7,7,40,Café 
3,88,Yes,5,6,73,Café 
6,59,Yes,6,6,48,Café 
4,67,Yes,7,1,52,Café 
8,83,No,7,8,79,Café 
6,96,No,6,6,85,Café 
8,76,No,9,4,72,Café 
1,63,No,9,3,39,Café 
6,83,Yes,6,7,72,Café 
1,72,No,6,4,51,Café 
1,59,No,8,5,36,Café 
8,99,Yes,4,3,89,Café 
7,87,Yes,9,1,82,Café 
3,69,Yes,8,6,51,Café 
6,83,Yes,7,1,75,Café 
9,48,No,7,6,44,Café 
7,84,Yes,7,6,72,Café 
3,88,No,6,0,66,Café 
6,56,No,5,9,41,Café 
4,75,Yes,8,9,59,Café 
3,53,Yes,5,2,31,Café 
9,58,Yes,4,2,54,Café 
2,46,Yes,4,5,23,Café 
1,98,Yes,8,2,75,Café 
2,42,No,7,8,21,Café 
7,72,Yes,9,4,69,Café 
1,83,No,4,5,56,Café 
6,71,Yes,5,5,60,Café 
7,86,No,5,7,79,Café 
9,50,No,9,9,47,Café 
8,81,No,6,2,72,Café 
6,41,Yes,7,8,31,Café 
3,65,Yes,6,6,45,Café 
8,43,Yes,8,5,40,Café 
7,56,No,4,0,46,Café 
3,56,No,9,3,38,Café 
9,67,Yes,9,4,64,Café 
2,69,Yes,9,1,46,Café 
3,79,No,6,0,58,Café 
2,62,No,6,1,37,Café 
1,85,Yes,8,7,62,Café 
4,63,Yes,5,9,49,Café 
5,68,Yes,5,5,53,Café 
6,43,No,8,9,30,Café 
5,77,No,9,1,59,Café 
1,68,Yes,5,8,40,Café 
3,58,Yes,8,7,37,Café 
1,66,Yes,5,3,41,Café 
5,68,Yes,8,9,56,Café 
5,95,Yes,5,6,81,Café 
6,75,No,9,2,66,Café 
8,74,Yes,6,5,71,Café 
1,91,No,6,2,64,Café 
4,45,No,9,9,31,Café 
1,98,No,5,2,72,Café 
9,62,No,9,8,57,Café 
7,78,No,8,5,67,Café 
7,85,No,6,7,76,Café 
5,83,No,4,3,68,Café 
7,87,No,5,3,78,Café 
2,91,Yes,4,7,68,Café 
4,47,Yes,4,6,25,Café 
7,94,Yes,7,4,86,Café 
3,41,Yes,4,1,15,Café 
2,52,Yes,4,5,28,Café 
2,79,No,9,0,58,Café 
1,96,No,7,6,72,Café 
5,60,No,7,8,45,Café 
6,70,No,7,4,59,Café 
6,91,No,8,4,78,Café 
9,87,Yes,7,6,84,Café 
4,75,Yes,9,4,56,Café 
1,87,No,8,9,62,Café 
6,91,Yes,5,3,78,Café 
5,77,Yes,8,0,62,Café 
6,66,Yes,5,5,54,Café 
3,75,Yes,7,8,57,Café 
2,87,Yes,7,3,61,Café 
6,62,No,5,9,49,Café 
1,94,Yes,6,3,71,Café 
7,60,Yes,9,4,55,Café 
7,52,No,8,5,44,Café 
7,76,No,9,2,68,Café 
1,86,No,9,8,60,Café 
4,65,No,4,0,45,Café 
7,79,No,7,5,72,Café 
9,46,No,8,5,41,Café 
5,85,No,9,7,73,Café 
2,78,No,8,4,57,Café 
7,61,Yes,9,8,55,Café 
1,78,No,7,8,53,Café 
7,62,No,9,1,53,Café 
6,97,Yes,5,4,87,Café 
7,69,No,7,6,61,Café 
3,57,No,8,1,38,Café 
3,81,No,6,6,60,Café 
7,57,No,9,8,49,Café 
2,85,Yes,5,7,64,Café 
1,49,Yes,7,9,23,Café 
9,78,No,4,8,72,Café 
9,69,Yes,7,3,71,Café 
7,65,Yes,8,7,59,Café 
7,46,Yes,8,8,38,Café 
3,46,Yes,4,9,24,Café 
2,44,Yes,5,1,18,Café 
7,40,Yes,8,9,33,Café 
9,85,No,5,2,81,Café 
1,57,No,5,0,30,Café 
4,52,Yes,7,0,32,Café 
6,64,Yes,5,9,50,Café 
7,79,Yes,9,5,73,Café 
7,47,No,8,0,38,Café 
2,49,No,8,4,28,Café 
4,71,No,6,5,57,Café 
5,56,No,5,8,41,Café 
1,77,No,6,5,52,Café 
1,54,No,7,3,26,Café 
3,54,Yes,6,0,28,Café 
3,96,No,5,5,74,Café 
8,87,No,8,6,81,Café 
9,79,No,7,4,81,Café 
1,90,Yes,5,5,61,Café 
2,59,No,7,9,38,Café 
2,54,Yes,4,7,29,Café 
4,74,Yes,5,0,57,Café 
2,45,No,4,7,21,Café 
7,69,No,6,1,57,Café 
9,96,No,5,1,94,Café 
7,47,Yes,4,7,39,Café 
6,70,No,9,1,59,Café 
1,87,Yes,8,7,64,Café 
9,86,Yes,6,4,83,Café 
5,71,No,5,8,53,Café 
5,84,No,5,8,70,Café 
6,97,No,8,7,92,Café 
9,91,Yes,8,8,92,Café 
8,54,No,4,6,47,Café 
8,57,Yes,4,7,51,Café 
8,52,No,4,5,45,Café 
1,63,Yes,7,8,34,Café 
1,79,No,6,1,50,Café 
8,53,No,5,2,45,Café 
5,67,Yes,6,1,54,Café 
9,50,Yes,8,5,52,Café 
2,45,No,9,2,20,Café 
9,95,Yes,6,0,93,Café 
8,64,Yes,6,3,53,Café 
9,40,Yes,4,4,35,Café 
4,64,Yes,8,3,48,Café 
1,41,No,6,5,18,Café 
1,71,Yes,5,2,43,Café 
5,52,No,4,9,36,Café 
2,72,No,6,5,51,Café 
8,71,No,8,9,65,Café 
5,95,Yes,9,0,81,Café 
5,63,No,5,5,45,Café 
2,66,No,9,7,46,Café 
7,43,No,8,9,32,Café 
8,63,No,8,7,60,Café 
1,62,No,8,0,33,Café 
2,68,Yes,9,6,45,Café 
4,73,No,7,9,54,Café 
5,60,Yes,5,9,46,Café 
2,69,No,8,3,49,Café 
1,65,No,7,5,38,Café 
9,59,Yes,4,5,53,Café 
1,55,Yes,7,4,30,Café 
4,42,No,4,9,24,Café 
2,88,No,9,8,69,Café 
4,76,No,7,9,57,Café 
8,97,No,9,7,94,Café 
8,79,No,8,5,77,Café 
9,83,Yes,7,3,79,Café 
5,64,No,7,3,50,Café 
7,62,No,8,8,52,Café 
3,83,Yes,4,3,64,Café 
4,98,Yes,8,6,86,Café 
9,40,No,5,5,33,Café 
1,72,Yes,7,1,47,Café 
2,54,Yes,5,4,31,Café 
5,56,Yes,8,2,42,Café 
3,73,No,9,8,54,Café 
2,56,No,8,9,33,Café 
1,91,No,6,0,61,Café 
3,97,Yes,5,9,78,Café 
1,80,No,6,3,55,Café 
1,83,No,5,3,59,Café 
1,43,Yes,9,8,20,Café 
8,52,No,6,0,43,Café 
3,43,Yes,6,1,19,Café 
1,46,Yes,5,0,17,Café 
7,85,Yes,8,0,73,Café 
3,98,Yes,4,0,72,Café 
8,48,No,8,2,39,Café 
4,62,No,4,3,44,Café 
4,72,No,5,9,52,Café 
5,72,Yes,7,1,58,Café 
6,59,No,8,0,45,Café 
7,43,No,6,4,36,Café 
4,40,Yes,8,5,22,Café 
8,93,Yes,5,1,86,Café 
6,81,No,7,2,68,Café 
1,73,Yes,7,9,47,Café 
1,66,No,8,2,40,Café 
9,60,Yes,8,1,58,Café 
6,63,Yes,9,3,53,Café 
8,54,No,8,4,46,Café 
7,74,Yes,5,7,66,Café 
6,64,Yes,4,5,49,Café 
4,94,Yes,9,8,77,Café 
7,48,No,4,2,36,Café 
9,56,No,6,9,55,Café 
7,60,No,5,8,49,Café 
1,99,Yes,9,3,76,Café 
9,52,Yes,7,7,45,Café 
4,42,Yes,9,9,28,Café 
3,43,Yes,6,6,25,Café 
4,43,No,7,6,27,Café 
4,82,No,9,8,67,Café 
2,67,Yes,7,9,44,Café 
1,46,No,8,1,18,Café 
1,65,No,7,4,37,Café 
8,50,No,9,2,43,Café 
2,63,Yes,7,6,43,Café 
5,82,No,5,2,66,Café 
4,49,No,8,4,34,Café 
8,76,No,8,4,77,Café 
2,52,No,6,1,31,Café 
9,83,No,8,0,80,Café 
7,81,Yes,4,5,71,Café 
7,78,No,5,0,69,Café 
1,58,No,6,8,34,Café 
2,90,Yes,4,9,69,Café 
4,58,No,7,4,44,Café 
4,51,Yes,4,0,30,Café 
3,91,Yes,6,7,73,Café 
7,61,Yes,8,0,52,Café 
8,86,Yes,5,3,81,Café 
2,76,No,6,6,52,Café 
4,95,No,4,3,77,Café 
3,69,Yes,4,4,44,Café 
2,85,No,6,6,62,Café 
6,51,Yes,9,3,44,Café 
4,68,No,9,4,51,Café 
6,60,No,6,6,48,Café 
2,50,Yes,9,0,30,Café 
4,99,No,6,2,82,Café 
6,76,Yes,8,0,61,Café 
5,87,No,6,2,72,Café 
3,97,No,7,1,78,Café 
8,57,No,5,4,53,Café 
7,83,Yes,5,9,78,Café 
3,98,Yes,7,4,79,Café 
6,66,Yes,4,9,56,Café 
4,76,No,4,8,58,Café 
5,87,Yes,4,7,72,Café 
5,51,Yes,4,2,37,Café 
7,62,Yes,8,0,56,Café 
5,73,No,7,4,59,Café 
3,77,No,5,2,54,Café 
5,62,No,7,4,47,Café 
7,92,No,5,8,84,Café 
5,64,Yes,4,0,50,Café 
5,43,No,8,0,27,Café 
9,69,Yes,6,8,67,Café 
3,69,No,6,2,48,Café 
6,52,Yes,9,9,42,Café 
1,81,Yes,4,4,55,Café 
5,88,No,4,8,73,Café 
8,53,Yes,7,4,46,Café 
5,95,Yes,8,2,81,Café 
9,86,Yes,8,8,82,Café 
6,47,Yes,7,6,35,Café 
8,94,No,8,6,92,Café 
8,63,No,8,7,59,Café 
3,57,Yes,6,4,35,Café 
7,74,No,8,1,65,Café 
7,64,Yes,4,8,53,Café 
6,56,Yes,6,2,45,Café 
7,71,No,4,1,61,Café 
2,95,Yes,4,9,74,Café 
9,63,No,7,9,60,Café 
1,46,Yes,9,4,23,Café 
1,52,No,8,7,25,Café 
3,66,No,8,2,45,Café 
3,87,Yes,8,5,68,Café 
1,44,No,8,8,21,Café 
7,75,Yes,6,1,65,Café 
4,65,No,5,7,45,Café 
2,81,Yes,4,9,58,Café 
5,84,No,9,6,76,Café 
6,70,No,9,2,57,Café 
9,49,No,5,0,46,Café 
4,85,Yes,5,5,68,Café 
2,65,No,5,1,40,Café 
5,61,Yes,6,2,45,Café 
3,51,No,5,4,31,Café 
2,71,No,6,7,50,Café 
1,66,Yes,7,1,43,Café 
2,72,No,7,5,50,Café 
6,92,Yes,9,0,80,Café 
8,91,Yes,7,6,90,Café 
3,59,Yes,6,3,38,Café 
9,78,Yes,6,0,73,Café 
9,80,Yes,4,8,78,Café 
2,79,No,5,8,54,Café 
8,98,Yes,8,2,92,Café 
5,52,No,8,5,39,Café 
4,53,Yes,5,6,41,Café 
5,83,Yes,8,3,71,Café 
4,79,No,8,5,65,Café 
8,92,No,8,8,87,Café 
4,61,Yes,9,9,47,Café 
6,57,Yes,6,5,42,Café 
2,87,No,6,6,62,Café 
5,68,No,6,5,54,Café 
6,82,Yes,5,6,71,Café 
5,55,Yes,7,0,42,Café 
2,85,Yes,9,5,64,Café 
7,74,No,9,8,70,Café 
4,92,Yes,8,2,77,Café 
8,73,No,4,5,62,Café 
7,42,No,6,3,28,Café 
7,43,Yes,9,6,36,Café 
9,93,Yes,9,6,92,Café 
1,44,No,4,8,18,Café 
6,49,Yes,8,3,37,Café 
6,91,Yes,9,7,81,Café 
6,68,No,9,7,57,Café 
6,71,Yes,7,7,61,Café 
7,70,No,4,7,62,Café 
6,41,No,8,5,27,Café 
1,51,Yes,8,7,26,Café 
3,66,No,6,5,48,Café 
2,44,No,7,9,18,Café 
6,76,Yes,8,1,66,Café 
8,66,No,7,2,59,Café 
3,62,Yes,6,5,41,Café 
8,72,No,4,6,64,Café 
8,43,No,9,3,40,Café 
5,98,No,9,0,84,Café 
8,60,No,5,3,51,Café 
6,63,No,5,5,49,Café 
5,83,No,5,7,67,Café 
9,70,No,9,3,70,Café 
7,83,Yes,7,9,75,Café 
8,87,No,5,0,80,Café 
1,63,Yes,4,4,35,Café 
2,88,No,8,6,65,Café 
8,92,No,7,5,86,Café 
9,49,Yes,9,2,45,Café 
4,88,Yes,4,6,69,Café 
9,88,Yes,9,3,86,Café 
4,89,No,7,4,75,Café 
9,41,Yes,7,6,39,Café 
7,70,No,7,1,59,Café 
2,64,No,6,3,42,Café 
9,43,Yes,8,3,42,Café 
4,90,No,5,5,70,Café 
8,50,Yes,6,6,48,Café 
7,56,Yes,8,3,49,Café 
7,83,Yes,9,9,78,Café 
8,41,Yes,5,0,34,Café 
1,45,No,6,0,18,Café 
5,48,No,6,4,33,Café 
2,44,Yes,4,0,20,Café 
2,59,Yes,6,2,35,Café 
1,68,No,7,8,46,Café 
5,60,No,9,2,42,Café 
2,48,Yes,6,2,23,Café 
4,67,No,7,8,51,Café 
3,94,No,8,4,75,Café 
3,47,No,8,7,27,Café 
2,70,No,7,9,48,Café 
6,59,Yes,4,8,45,Café 
2,66,No,4,5,40,Café 
8,47,Yes,8,6,42,Café 
8,93,Yes,9,6,90,Café 
5,60,Yes,6,6,45,Café 
7,67,No,8,3,55,Café 
4,62,No,8,1,45,Café 
1,45,Yes,7,1,20,Café 
2,42,No,4,6,15,Café 
4,44,Yes,9,9,28,Café 
1,48,Yes,7,6,25,Café 
8,46,No,8,9,39,Café 
9,99,No,5,6,96,Café 
4,43,No,6,7,24,Café 
3,78,Yes,8,2,63,Café 
2,44,Yes,7,4,19,Café 
5,50,No,5,5,31,Café 
3,54,Yes,5,7,35,Café 
7,73,Yes,8,7,65,Café 
6,52,Yes,9,9,41,Café 
1,93,No,4,2,65,Café 
8,87,No,5,3,83,Café 
2,46,No,6,5,22,Café 
5,79,Yes,7,3,68,Café 
9,45,No,7,9,40,Café 
8,95,Yes,7,3,92,Café 
2,78,Yes,8,4,54,Café 
9,89,Yes,7,9,90,Café 
5,69,No,7,6,57,Café 
6,61,Yes,6,1,47,Café 
3,64,No,4,1,43,Café 
3,67,Yes,9,9,50,Café 
8,93,No,8,8,91,Café 
2,59,No,8,3,34,Café 
2,78,No,7,4,54,Café 
5,42,No,6,2,26,Café 
6,44,No,5,1,34,Café 
2,40,No,7,9,18,Café 
5,54,No,7,7,38,Café 
7,65,No,8,3,57,Café 
8,42,Yes,8,0,34,Café 
7,79,Yes,7,5,68,Café 
8,96,Yes,8,5,92,Café 
9,80,Yes,6,1,77,Café 
5,86,Yes,5,1,71,Café 
5,81,No,5,7,67,Café 
4,73,No,5,6,59,Café 
9,91,No,7,1,91,Café 
5,44,No,9,9,29,Café 
2,70,No,7,0,48,Café 
8,90,Yes,7,7,90,Café 
7,52,Yes,6,9,48,Café 
8,82,No,5,1,77,Café 
3,40,Yes,8,4,20,Café 
4,61,Yes,8,5,42,Café 
5,54,No,4,9,37,Café 
6,65,No,4,0,52,Café 
1,57,Yes,9,1,33,Café 
4,87,Yes,8,9,72,Café 
5,48,No,5,3,34,Café 
7,40,Yes,7,1,33,Library
5,82,No,8,5,71,Library
1,48,Yes,9,3,25,Library
7,62,Yes,9,2,55,Library
8,82,No,8,5,76,Library
7,84,Yes,4,8,76,Library
4,97,No,5,7,81,Library
8,41,Yes,8,1,35,Library
5,53,Yes,7,2,35,Library
9,77,No,7,1,74,Library
5,79,Yes,6,9,66,Library
1,57,No,7,6,31,Library
9,55,No,8,8,54,Library
5,92,Yes,8,0,79,Library
6,68,No,7,2,58,Library
4,83,No,4,5,66,Library
6,50,No,5,3,36,Library
8,45,Yes,9,9,44,Library
3,42,No,8,9,26,Library
5,53,No,7,0,37,Library
2,99,Yes,9,8,82,Library
2,41,No,7,6,18,Library
7,71,No,8,6,66,Library
6,70,No,6,0,60,Library
4,50,Yes,5,8,32,Library
5,61,Yes,8,7,51,Library
1,42,Yes,9,9,18,Library
7,89,Yes,7,4,82,Library
8,70,Yes,6,3,66,Library
9,72,Yes,8,0,69,Library
8,63,No,5,8,59,Library
5,40,Yes,6,7,26,Library
3,83,Yes,9,1,63,Library
9,54,Yes,7,3,52,Library
6,76,Yes,4,3,66,Library
5,66,No,5,6,51,Library
3,77,No,6,2,54,Library
6,87,Yes,8,7,77,Library
3,66,No,8,6,45,Library
6,83,Yes,6,9,77,Library
4,51,No,8,3,32,Library
2,42,Yes,6,8,15,Library
8,69,Yes,5,5,62,Library
4,71,Yes,8,2,55,Library
9,62,Yes,5,6,59,Library
7,41,No,7,5,32,Library
2,46,Yes,7,7,21,Library
4,73,No,7,4,56,Library
5,71,No,7,5,55,Library
3,92,No,8,0,74,Library
9,78,Yes,6,7,74,Library
5,71,No,8,0,56,Library
2,82,No,9,2,58,Library
3,82,No,8,1,64,Library
9,53,Yes,5,5,49,Library
7,42,No,6,7,31,Library
2,85,Yes,4,7,64,Library
9,71,No,4,6,63,Library
4,82,No,6,6,66,Library
9,75,Yes,4,7,73,Library
2,56,Yes,6,4,38,Library
4,87,No,5,2,70,Library
5,42,Yes,5,1,27,Library
2,96,No,8,2,72,Library
1,49,No,4,2,21,Library
7,92,Yes,6,6,85,Library
1,86,Yes,5,0,62,Library
8,79,Yes,8,6,73,Library
3,57,No,4,5,32,Library
6,42,No,4,9,30,Library
7,78,No,4,1,64,Library
1,49,Yes,5,9,25,Library
6,91,Yes,5,0,82,Library
7,48,Yes,4,8,41,Library
6,85,No,5,1,71,Library
4,94,Yes,4,3,79,Library
1,85,Yes,7,8,59,Library
9,50,No,5,8,45,Library
4,99,Yes,6,0,84,Library
7,72,Yes,5,1,62,Library
7,75,No,4,1,65,Library
2,65,No,6,1,43,Library
1,66,No,8,7,39,Library
8,77,No,6,7,70,Library
8,61,No,6,9,54,Library
7,65,No,5,7,55,Library
8,61,Yes,9,3,55,Library
3,44,Yes,6,7,25,Library
2,74,No,6,6,52,Library
7,41,No,4,7,31,Library
8,74,Yes,5,0,68,Library
1,48,No,4,2,19,Library
9,90,No,5,9,87,Library
4,90,Yes,8,5,71,Library
4,88,Yes,9,0,74,Library
3,57,No,6,3,35,Library
6,82,No,5,8,69,Library
1,51,Yes,6,6,24,Library
6,42,No,6,0,29,Library
2,57,Yes,7,5,34,Library
9,95,Yes,4,5,93,Library
2,77,No,9,1,52,Library
7,46,Yes,5,5,37,Library
1,72,Yes,8,9,49,Library
7,45,Yes,9,1,38,Library
5,57,No,7,7,44,Library
8,84,No,4,6,75,Library
4,61,No,8,5,44,Library
7,90,Yes,8,9,84,Library
6,78,Yes,6,5,65,Library
5,90,No,4,8,75,Library
4,48,Yes,7,8,29,Library
7,74,Yes,5,9,67,Library
5,62,No,5,9,50,Library
5,51,Yes,7,1,38,Library
1,91,Yes,6,2,66,Library
2,63,Yes,6,9,42,Library
5,89,Yes,8,6,76,Library
3,79,Yes,4,9,64,Library
2,48,Yes,8,8,26,Library
4,52,No,5,5,31,Library
4,79,No,7,0,63,Library
4,93,Yes,4,6,77,Library
4,81,No,7,0,61,Library
3,56,No,4,4,33,Library
7,46,No,9,8,39,Library
9,56,Yes,5,9,52,Library
5,94,No,5,9,82,Library
4,89,Yes,9,8,73,Library
2,63,No,4,0,37,Library
2,41,No,6,5,16,Library
5,74,Yes,4,2,59,Library
7,67,No,5,8,59,Library
9,58,Yes,7,2,56,Library
7,72,No,8,1,59,Library
5,60,No,7,7,46,Library
6,92,No,5,2,80,Library
3,49,No,7,4,30,Library
5,92,Yes,6,5,78,Library
8,85,Yes,6,9,81,Library
1,84,No,4,9,57,Library
1,48,Yes,7,0,24,Library
7,77,No,7,6,66,Library
5,45,Yes,5,6,31,Library
5,90,Yes,4,4,73,Library
1,92,Yes,4,8,66,Library
9,81,No,7,1,78,Library
1,94,Yes,8,4,66,Library
5,74,Yes,7,1,57,Library
9,57,No,7,1,50,Library
4,92,No,7,8,77,Library
8,58,No,6,6,54,Library
6,44,Yes,9,3,30,Library
3,64,Yes,4,7,43,Library
4,50,Yes,9,3,34,Library
2,49,Yes,6,0,26,Library
1,56,Yes,8,9,36,Library
8,75,Yes,5,2,69,Library
1,65,No,8,9,39,Library
1,70,Yes,4,0,44,Library
4,71,Yes,5,1,56,Library
6,60,Yes,9,1,47,Library
9,57,No,8,6,56,Library
1,99,Yes,4,3,73,Library
7,57,No,8,9,48,Library
5,40,Yes,5,8,24,Library
8,53,No,5,1,49,Library
7,47,No,8,8,41,Library
4,41,No,6,5,24,Library
4,90,Yes,8,9,72,Library
6,54,No,9,7,45,Library
6,99,Yes,8,6,92,Library
9,73,No,8,7,68,Library
5,75,Yes,6,8,62,Library
8,40,No,7,7,36,Library
5,90,No,5,5,77,Library
2,60,Yes,9,7,40,Library
6,81,No,4,7,69,Library
9,40,Yes,5,1,38,Library
3,71,No,5,1,50,Library
1,59,No,7,0,33,Library
1,93,Yes,5,9,69,Library
3,86,Yes,5,1,63,Library
5,75,Yes,6,6,59,Library
3,78,No,6,2,54,Library
9,69,Yes,6,3,65,Library
8,46,Yes,6,3,41,Library
3,61,No,6,3,41,Library
9,96,Yes,9,1,94,Library
6,89,Yes,4,5,80,Library
7,84,No,7,0,74,Library
4,49,No,8,4,33,Library
4,95,No,9,1,78,Library
2,47,No,6,8,21,Library
5,66,No,7,1,49,Library
8,49,Yes,8,5,43,Library
7,53,No,5,3,40,Library
7,85,No,9,5,77,Library
6,98,No,5,1,84,Library
3,91,Yes,7,1,74,Library
5,93,Yes,4,6,78,Library
1,50,Yes,4,2,21,Library
7,45,Yes,7,2,34,Library
9,60,No,4,6,54,Library
1,72,No,4,7,47,Library
2,58,No,5,6,36,Library
3,78,Yes,4,2,53,Library
3,63,No,4,2,45,Library
8,57,Yes,7,6,52,Library
7,74,Yes,4,2,66,Library
6,91,Yes,9,1,79,Library
4,82,No,6,6,63,Library
9,76,No,6,2,72,Library
1,58,No,7,4,33,Library
2,92,No,6,6,70,Library
4,63,Yes,5,1,47,Library
3,95,No,9,7,73,Library
1,73,Yes,9,1,50,Library
5,61,Yes,7,3,48,Library
7,43,Yes,4,3,33,Library
2,96,Yes,6,7,72,Library
5,49,Yes,5,0,31,Library
6,41,Yes,7,8,32,Library
7,47,Yes,7,5,34,Library
1,72,No,4,3,41,Library
7,98,No,8,5,91,Library
4,77,Yes,6,5,61,Library
8,82,No,5,8,75,Library
4,98,No,7,3,80,Library
6,67,No,6,7,57,Library
9,49,No,5,0,46,Library
5,84,Yes,9,5,71,Library
4,40,No,9,4,21,Library
8,73,Yes,5,2,69,Library
9,42,Yes,9,3,37,Library
4,48,No,7,7,32,Library
3,44,No,6,9,26,Library
8,81,Yes,5,1,74,Library
5,49,Yes,7,7,34,Library
2,51,No,6,6,24,Library
9,57,No,6,0,53,Library
3,97,Yes,7,1,74,Library
2,60,No,6,6,37,Library
1,60,Yes,8,2,31,Library
8,40,Yes,5,1,29,Library
3,42,Yes,5,0,21,Library
7,44,Yes,6,6,37,Library
1,64,No,7,2,37,Library
1,97,Yes,4,5,73,Library
9,88,Yes,9,9,87,Library
8,47,No,6,7,45,Library
3,56,No,4,5,32,Library
6,48,Yes,6,6,35,Library
3,71,No,4,5,52,Library
4,45,No,6,6,27,Library
1,88,Yes,7,4,65,Library
5,79,No,9,8,64,Library
1,60,No,4,2,30,Library
1,46,No,8,5,22,Library
7,46,No,7,8,35,Library
6,86,No,9,0,72,Library
2,78,Yes,6,4,55,Library
2,93,No,4,3,71,Library
7,66,Yes,9,8,60,Library
1,47,Yes,5,0,19,Library
2,48,No,7,3,25,Library
8,67,No,4,0,55,Library
6,54,No,7,2,41,Library
2,41,No,4,3,17,Library
7,46,No,5,0,36,Library
4,86,No,8,4,71,Library
2,57,No,5,5,35,Library
6,61,No,6,0,48,Library
9,89,No,7,9,82,Library
9,49,No,8,9,48,Library
8,93,No,7,3,86,Library
3,89,No,9,3,69,Library
3,72,Yes,4,0,50,Library
2,46,No,6,1,22,Library
5,42,Yes,6,9,25,Library
4,53,Yes,7,4,33,Library
7,83,No,6,1,71,Library
4,85,Yes,7,2,70,Library
9,75,No,4,8,71,Library
2,52,No,4,4,28,Library
6,55,Yes,7,0,44,Library
7,55,No,5,4,46,Library
4,93,Yes,5,2,76,Library
6,44,Yes,4,0,29,Library
7,91,No,8,2,84,Library
4,64,Yes,5,5,47,Library
8,77,Yes,7,9,70,Library
9,77,No,4,4,73,Library
1,89,Yes,6,0,63,Library
7,77,No,6,1,68,Library
9,78,No,5,4,74,Library
5,95,No,8,8,82,Library
2,95,No,9,4,77,Library
6,87,Yes,5,4,77,Library
7,80,No,8,0,71,Library
2,65,Yes,5,4,39,Library
2,98,Yes,6,7,77,Library
1,52,No,8,8,25,Library
4,83,No,6,9,63,Library
7,90,No,7,2,80,Library
9,65,Yes,7,3,62,Library
3,94,No,4,6,75,Library
7,94,Yes,6,6,88,Library
7,40,No,6,0,31,Library
7,47,No,4,5,36,Library
2,43,Yes,7,8,21,Library
6,60,Yes,7,4,50,Library
2,61,No,8,7,40,Library
6,90,No,8,9,81,Library
3,92,No,9,8,75,Library
2,97,Yes,7,9,76,Library
6,76,No,9,9,66,Library
2,88,No,5,2,59,Library
5,42,Yes,6,0,26,Library
2,58,No,8,1,33,Library
3,40,Yes,5,4,19,Library
3,68,Yes,8,9,49,Library
6,62,No,4,6,50,Library
6,72,No,6,5,56,Library
3,94,Yes,9,3,74,Library
3,91,Yes,9,8,72,Library
1,80,No,8,3,53,Library
7,62,Yes,7,2,60,Library
8,44,Yes,9,4,35,Library
2,46,No,4,3,22,Library
4,96,Yes,4,1,80,Library
7,97,Yes,7,2,88,Library
8,45,Yes,4,6,39,Library
1,88,Yes,6,1,63,Library
4,61,Yes,8,0,44,Library
6,88,Yes,4,1,72,Library
3,52,No,6,7,33,Library
5,51,No,7,7,39,Library
9,43,No,8,9,45,Library
3,47,No,7,1,23,Library
5,76,Yes,8,5,63,Library
8,70,No,4,6,63,Library
6,76,Yes,4,0,63,Library
4,84,No,8,6,64,Library
8,65,Yes,6,7,62,Library
3,82,No,6,8,64,Library
3,47,Yes,6,7,28,Library
4,79,No,5,2,60,Library
9,72,No,9,7,70,Library
5,84,No,9,2,70,Library
8,68,No,9,5,60,Library
6,44,No,6,3,33,Library
3,67,Yes,4,6,46,Library
8,92,No,5,7,88,Library
9,79,Yes,6,9,78,Library
8,56,No,4,5,47,Library
4,94,No,5,9,75,Library
6,62,No,4,3,51,Library
1,84,Yes,8,7,61,Library
4,48,No,4,6,29,Library
8,41,No,5,9,36,Library
1,71,Yes,6,7,44,Library
3,90,Yes,9,9,75,Library
1,91,Yes,5,6,63,Library
9,88,Yes,6,2,85,Library
2,70,No,6,2,46,Library
9,46,Yes,7,8,44,Library
4,69,Yes,8,6,55,Library
2,97,No,7,0,76,Library
4,42,Yes,9,2,25,Library
6,90,Yes,5,0,74,Library
7,90,Yes,7,5,79,Library
3,95,No,9,1,75,Library
3,48,Yes,6,6,28,Library
8,49,Yes,5,7,44,Library
5,85,Yes,7,5,72,Library
4,89,No,4,4,72,Library
7,97,No,9,9,94,Library
7,86,Yes,9,3,79,Library
9,65,No,8,8,64,Library
9,40,Yes,4,7,35,Library
5,69,No,5,4,54,Library
8,96,No,7,0,90,Library
1,77,Yes,6,7,52,Library
9,54,Yes,7,7,50,Library
8,64,Yes,5,6,58,Library
6,45,No,5,6,33,Library
3,57,Yes,5,7,38,Library
3,40,No,5,0,17,Library
8,95,No,9,2,90,Library
5,42,Yes,7,3,32,Library
7,56,No,4,5,46,Library
5,87,No,6,9,76,Library
8,47,Yes,6,9,45,Library
4,99,No,8,8,81,Library
2,88,No,9,3,66,Library
3,79,Yes,5,5,59,Library
8,56,Yes,5,8,54,Library
7,64,Yes,5,8,59,Library
2,80,No,9,5,55,Library
6,51,No,4,4,36,Library
9,68,No,5,2,66,Library
4,64,Yes,8,4,47,Library
9,90,No,8,2,89,Library
2,75,No,4,4,50,Library
2,92,No,9,9,69,Library
9,93,Yes,5,9,94,Library
7,64,Yes,7,0,54,Library
7,68,Yes,7,5,60,Library
1,50,No,6,6,22,Library
6,99,No,4,1,84,Library
7,43,Yes,7,2,34,Library
6,53,Yes,6,9,40,Library
6,85,No,8,8,78,Library
2,77,Yes,6,7,56,Library
6,56,No,5,3,45,Library
4,41,Yes,5,7,23,Library
9,47,Yes,8,7,45,Library
1,75,Yes,4,5,50,Library
8,49,No,9,0,37,Library
5,46,Yes,5,1,29,Library
1,75,No,5,3,44,Library
4,55,Yes,6,3,38,Library
1,53,Yes,6,1,24,Library
6,55,No,6,8,43,Library
2,64,No,7,1,39,Library
5,80,Yes,8,5,70,Library
7,43,No,4,4,37,Library
2,68,Yes,6,3,47,Library
6,95,No,4,5,85,Library
6,45,No,6,3,32,Library
5,40,Yes,5,8,24,Library
5,78,Yes,4,9,60,Library
3,40,No,7,6,20,Library
2,90,No,6,2,66,Library
7,79,Yes,9,9,74,Library
1,96,No,8,3,70,Library
6,42,No,5,0,25,Library
6,40,No,6,5,25,Library
3,40,No,4,1,20,Library
2,78,Yes,6,3,59,Library
2,60,Yes,5,4,33,Library
9,84,No,8,7,81,Library
5,69,No,8,2,51,Library
7,71,Yes,8,5,64,Library
5,72,No,9,0,58,Library
7,87,No,5,8,78,Library
4,61,No,9,0,43,Library
8,69,No,9,1,64,Library
7,93,No,6,0,85,Library
5,85,Yes,5,7,73,Library
6,43,No,5,3,32,Library
5,62,No,6,1,46,Library
7,94,No,7,6,85,Library
2,83,Yes,9,7,64,Library
5,64,No,8,8,50,Library
3,51,No,4,4,29,Library
9,56,Yes,9,2,53,Library
6,92,Yes,4,0,83,Library
3,54,Yes,6,7,36,Library
7,49,Yes,4,5,37,Library
4,74,No,7,4,57,Library
3,94,No,5,6,75,Library
8,91,No,8,4,84,Library
4,91,Yes,4,3,74,Library
1,68,No,4,4,40,Library
6,51,Yes,6,6,37,Library
1,40,Yes,6,5,11,Library
5,40,No,5,9,28,Library
7,49,Yes,8,9,40,Library
6,57,Yes,4,8,47,Library
2,86,No,5,9,65,Library
4,41,No,8,1,22,Library
2,88,Yes,5,6,66,Library
1,47,No,4,0,19,Library
3,61,No,6,7,43,Library
3,61,Yes,6,3,41,Library
7,65,Yes,6,7,56,Library
1,65,No,7,7,42,Library
9,48,No,5,3,45,Library
6,60,Yes,4,3,46,Library
4,70,No,5,4,51,Library
3,91,Yes,6,6,74,Library
3,82,Yes,9,5,67,Library
2,45,No,9,0,21,Library
2,95,No,5,5,73,Library
5,53,No,8,2,39,Library
9,72,No,9,8,69,Library
2,46,No,9,2,24,Library
2,63,Yes,5,8,36,Library
6,48,No,7,4,38,Library
2,50,Yes,7,9,29,Library
4,95,No,6,7,72,Library
6,62,Yes,4,8,48,Library
5,87,No,8,8,71,Library
1,90,No,4,6,61,Library
6,41,Yes,4,9,29,Library
1,54,No,8,0,31,Library
3,74,No,7,7,56,Library
5,75,Yes,9,6,62,Library
5,91,Yes,6,3,78,Library
6,93,Yes,5,5,83,Library
8,67,No,7,9,65,Library
5,78,Yes,6,1,65,Library
1,83,Yes,9,3,59,Library
5,43,No,7,7,26,Library
3,49,No,8,3,32,Library
4,45,No,4,9,27,Library
8,96,No,8,3,89,Library
7,69,No,9,3,57,Library
5,93,No,5,9,77,Library
2,85,Yes,8,8,65,Library
6,74,Yes,9,1,63,Library
6,88,No,4,6,78,Library
6,82,Yes,7,2,74,Library
9,49,Yes,6,3,41,Library
8,97,Yes,9,0,90,Library
8,92,Yes,9,2,88,Library
1,71,No,5,1,47,Library
5,81,No,7,9,66,Library
7,81,Yes,9,6,75,Library
6,42,No,9,5,29,Library
5,95,Yes,6,0,80,Library
8,65,Yes,4,7,59,Library
3,54,No,8,8,34,Library
6,56,Yes,7,0,47,Library
5,66,No,6,4,53,Library
8,57,No,6,6,50,Library
4,90,No,8,1,72,Library
8,58,No,7,5,54,Library
2,51,No,7,7,28,Library
9,63,No,4,7,59,Library
9,44,No,7,9,40,Library
6,63,No,9,9,55,Library
4,66,No,8,7,49,Library
4,87,Yes,7,5,70,Library
6,69,No,4,5,57,Library
5,54,Yes,6,2,39,Library
6,86,No,9,1,75,Library
7,98,Yes,7,4,87,Library
7,77,No,8,8,70,Library
9,83,No,7,3,76,Library
8,73,No,5,4,68,Library
6,66,Yes,4,5,53,Library
6,59,Yes,6,5,48,Library
5,80,No,5,3,63,Library
1,71,Yes,8,3,47,Library
9,43,No,7,7,38,Library
9,44,Yes,4,4,43,Library
9,92,Yes,9,4,90,Library
8,97,Yes,7,8,95,Library
3,47,No,7,3,24,Library
1,61,Yes,7,6,35,Library
8,81,Yes,9,4,75,Library
7,46,No,7,8,37,Library
5,61,No,4,7,46,Library
7,85,Yes,9,7,80,Library
4,69,Yes,9,9,55,Library
9,76,No,5,9,71,Library
2,55,No,8,2,32,Library
9,54,No,9,8,51,Library
9,44,No,5,7,43,Library
5,42,No,4,2,23,Library
1,62,Yes,8,9,37,Library
7,49,No,9,0,40,Library
4,44,No,6,4,24,Library
9,62,Yes,5,3,60,Library
6,54,No,4,7,44,Library
3,57,No,4,5,34,Library
6,64,No,4,9,51,Library
6,47,Yes,8,4,39,Library
5,70,No,7,8,57,Library
2,60,No,6,5,36,Library
2,41,No,8,2,16,Library
7,61,No,8,5,52,Library
2,47,Yes,9,3,25,Library
6,62,Yes,5,4,51,Library
5,71,No,6,5,56,Library
4,47,No,4,8,27,Library
7,43,No,8,2,33,Library
8,69,No,6,0,60,Library
4,58,No,5,1,39,Library
1,62,No,7,7,41,Library
1,57,No,6,3,35,Library
1,92,Yes,4,6,67,Library
1,68,No,8,1,39,Library
5,62,Yes,7,9,51,Library
4,72,Yes,5,7,56,Library
9,91,No,4,9,93,Library
3,86,Yes,7,8,68,Library
7,57,Yes,9,6,49,Library
8,93,Yes,9,9,88,Library
6,83,No,5,0,72,Library
1,72,Yes,4,1,44,Library
8,46,Yes,8,8,41,Library
3,90,No,5,9,69,Library
8,67,No,7,6,66,Library
4,40,Yes,4,2,20,Library
8,95,No,9,4,92,Library
1,78,No,9,0,53,Library
3,73,Yes,6,9,50,Library
6,78,Yes,4,2,70,Library
9,58,Yes,7,3,51,Library
2,70,No,7,3,45,Library
1,52,Yes,6,6,25,Library
3,96,Yes,7,4,75,Library
4,63,No,4,8,45,Library
5,44,No,9,6,29,Library
3,62,No,5,1,43,Library
2,58,No,9,7,38,Library
2,40,Yes,9,1,16,Library
7,72,Yes,4,6,61,Library
9,98,Yes,7,4,95,Library
2,89,No,6,9,65,Library
7,95,Yes,6,5,85,Library
7,72,No,8,3,66,Library
7,71,No,6,4,61,Library
3,98,No,6,4,79,Library
7,67,Yes,7,6,59,Library
1,76,No,5,3,52,Library
1,80,Yes,5,4,56,Library
5,51,Yes,7,3,37,Library
2,48,Yes,6,3,29,Library
9,89,No,4,7,84,Library
7,94,Yes,9,4,87,Library
4,50,Yes,9,8,36,Library
4,72,No,5,4,56,Library
2,58,Yes,7,7,34,Library
5,93,No,4,2,77,Library
4,96,Yes,6,6,80,Library
1,81,No,7,0,59,Library
8,73,No,5,4,68,Library
3,46,No,4,1,26,Library
6,70,No,4,7,57,Library
4,91,No,5,5,72,Library
9,41,Yes,4,4,36,Library
7,58,Yes,9,2,51,Library
9,77,Yes,5,0,76,Library
3,71,Yes,9,9,51,Library
1,49,No,7,9,28,Library
5,80,No,8,9,69,Library
3,47,Yes,6,9,30,Library
6,65,No,7,7,56,Library
8,69,Yes,9,4,64,Library
4,50,No,6,8,33,Library
5,80,No,6,6,67,Library
5,59,Yes,9,0,45,Library
4,99,Yes,9,0,84,Library
4,59,No,5,6,40,Library
4,48,Yes,8,6,33,Library
4,47,Yes,9,8,31,Library
4,99,Yes,6,1,81,Library
5,54,Yes,6,6,38,Library
2,73,No,7,1,48,Library
2,63,No,8,9,39,Library
9,72,No,8,9,71,Library
2,80,No,6,1,55,Library
6,80,Yes,8,4,70,Library
2,84,Yes,7,8,65,Library
5,79,Yes,5,8,65,Library
4,66,No,6,9,49,Library
7,60,No,4,0,49,Library
7,44,No,6,6,35,Library
6,74,No,6,9,62,Library
5,60,Yes,5,9,48,Library
1,43,Yes,9,2,18,Library
3,88,Yes,9,9,70,Library
9,87,No,4,9,83,Library
1,55,No,4,0,29,Library
5,96,No,4,1,79,Library
2,70,No,9,5,49,Library
4,65,No,5,9,49,Library
1,91,No,8,1,63,Library
3,74,Yes,4,1,50,Library
7,45,No,8,3,36,Library
3,72,No,7,2,53,Library
4,60,No,5,7,39,Library
2,55,Yes,8,7,32,Library
3,86,Yes,9,5,69,Library
9,78,No,9,3,74,Library
3,73,Yes,4,6,55,Library
5,81,Yes,4,8,72,Library
2,96,Yes,8,1,72,Library
4,99,No,9,5,86,Library
7,54,Yes,8,6,47,Library
7,45,Yes,7,0,34,Library
3,41,Yes,5,5,24,Library
5,63,No,9,7,51,Library
1,95,Yes,6,6,73,Library
1,88,No,9,1,68,Library
5,67,Yes,7,1,52,Library
9,40,No,9,3,38,Library
1,40,No,7,4,11,Library
1,67,No,9,4,41,Library
4,75,No,7,1,57,Library
4,59,No,4,6,41,Library
2,87,Yes,8,7,62,Library
9,47,Yes,9,1,48,Library
9,40,Yes,5,3,37,Library
2,65,No,4,2,41,Library
9,90,No,7,3,91,Library
6,82,No,5,4,73,Library
8,88,Yes,4,5,82,Library
4,64,No,6,1,44,Library
2,49,No,9,9,29,Library
2,51,No,9,5,32,Library
9,80,No,7,8,78,Library
1,46,Yes,4,7,21,Library
7,51,No,4,0,43,Library
3,86,No,7,8,69,Library
3,79,No,6,9,56,Library
2,56,No,9,1,31,Library
6,44,Yes,8,0,36,Library
2,53,No,6,5,30,Library
4,73,Yes,7,0,56,Library
9,87,Yes,8,5,87,Library
9,56,No,4,1,54,Library
6,74,No,6,6,61,Library
4,94,Yes,6,6,77,Library
7,40,No,9,3,30,Library
1,98,No,9,1,69,Library
4,89,Yes,8,6,74,Library
5,89,Yes,4,0,72,Library
8,75,Yes,6,1,71,Library
2,54,Yes,8,1,30,Library
5,99,Yes,6,0,82,Library
6,58,Yes,9,8,51,Library
5,90,No,4,5,76,Library
9,81,No,4,2,76,Library
1,44,No,5,5,17,Library
3,58,No,8,6,40,Library
2,82,No,9,2,63,Library
3,78,No,9,3,60,Library
9,44,No,9,9,44,Library
9,91,No,7,0,87,Library
2,51,No,6,5,27,Library
3,58,Yes,4,5,30,Library
4,86,Yes,6,8,68,Library
9,51,No,6,1,44,Library
3,75,No,7,4,53,Library
7,51,Yes,4,4,40,Library
3,57,Yes,5,6,36,Library
7,88,Yes,9,4,79,Library
7,90,No,8,9,86,Library
9,87,Yes,6,3,85,Library
2,82,Yes,7,9,61,Library
6,73,Yes,7,1,63,Library
9,87,No,8,7,82,Library
2,72,Yes,8,4,47,Library
2,88,No,4,3,66,Library
5,57,Yes,6,8,48,Library
8,96,Yes,6,1,90,Library
9,68,No,8,2,70,Library
2,84,Yes,9,7,64,Library
5,44,Yes,5,3,27,Library
7,64,Yes,6,8,58,Library
6,63,No,7,9,48,Library
6,68,No,9,9,57,Library
7,98,No,8,9,90,Library
3,77,Yes,6,9,56,Library
3,72,No,4,8,50,Library
9,49,Yes,8,9,48,Library
8,76,Yes,7,8,74,Library
5,99,Yes,4,0,86,Library
6,72,Yes,8,5,59,Library
1,62,Yes,8,9,43,Library
1,97,Yes,6,5,75,Library
4,50,Yes,4,7,32,Library
2,63,Yes,8,6,44,Library
7,63,No,9,6,54,Library
2,46,No,7,1,24,Library
2,89,Yes,4,3,61,Library
5,60,No,9,0,45,Library
4,59,No,6,6,44,Library
8,92,No,5,3,84,Library
4,49,Yes,8,8,32,Library
6,64,No,5,5,50,Library
5,86,Yes,8,5,73,Library
2,75,No,9,8,52,Library
8,87,No,6,7,85,Library
2,86,No,6,5,61,Library
9,54,Yes,6,5,52,Library
9,83,Yes,6,5,82,Library
3,79,Yes,4,3,57,Library
4,79,Yes,4,4,58,Library
8,89,Yes,8,2,83,Library
9,45,Yes,4,8,41,Library
3,76,Yes,8,1,58,Library
5,41,Yes,4,6,25,Library
8,51,Yes,4,0,43,Library
3,97,No,4,9,74,Library
7,43,No,7,6,34,Library
8,62,Yes,6,1,58,Library
3,52,No,7,4,34,Library
2,56,No,4,0,30,Library
7,70,Yes,4,4,62,Library
9,55,Yes,7,3,52,Library
1,80,No,9,0,56,Library
3,65,Yes,8,0,45,Library
5,67,No,6,6,51,Library
3,40,Yes,8,2,18,Library
1,86,No,9,9,64,Library
7,51,Yes,6,8,38,Library
7,76,No,5,8,69,Library
8,94,No,6,9,89,Library
5,95,No,8,8,81,Library
5,89,No,6,0,76,Library
5,59,Yes,5,3,38,Library
1,41,No,5,0,14,Library
5,75,Yes,4,0,62,Library
6,54,No,5,8,39,Library
1,77,Yes,7,4,51,Library
7,61,No,8,0,53,Library
1,83,Yes,7,2,54,Library
2,89,No,9,6,68,Library
2,71,No,7,1,53,Library
5,98,Yes,8,3,86,Library
7,59,No,9,1,51,Library
1,75,No,7,8,48,Library
1,72,No,7,8,50,Library
1,54,No,9,6,24,Library
6,89,Yes,7,6,79,Library
2,85,No,5,1,63,Library
1,42,Yes,8,9,13,Library
6,68,Yes,8,7,54,Library
2,86,Yes,8,0,61,Library
6,66,Yes,7,7,58,Library
8,44,No,5,4,35,Library
2,98,No,8,3,78,Library
9,95,Yes,6,9,95,Library
8,70,No,8,1,61,Library
1,61,No,4,2,32,Library
7,74,Yes,6,9,66,Library
6,93,Yes,8,1,83,Library
6,46,Yes,7,3,35,Library
6,45,No,8,2,33,Library
6,65,Yes,5,4,55,Library
7,93,Yes,5,6,87,Library
3,40,No,8,8,18,Library
6,58,No,7,4,45,Library
3,46,No,7,7,26,Library
7,75,No,7,1,66,Library
7,51,No,8,5,44,Library
8,59,No,8,7,55,Library
2,62,No,4,8,40,Library
9,64,No,5,3,61,Library
5,69,Yes,6,3,54,Library
9,98,No,6,6,95,Library
5,68,Yes,5,3,56,Library
7,70,No,9,4,61,Library
9,57,No,4,1,53,Library
4,80,Yes,5,1,60,Library
2,58,No,4,9,35,Library
9,93,Yes,9,4,93,Library
2,43,No,4,9,20,Library
3,40,Yes,7,9,24,Library
2,80,Yes,5,1,54,Library
3,98,No,6,5,78,Library
6,54,Yes,8,5,45,Library
3,93,Yes,9,7,77,Library
8,47,No,9,0,40,Library
6,54,No,8,6,44,Library
7,54,Yes,5,6,45,Library
1,89,No,8,8,66,Library
3,78,Yes,4,3,57,Library
3,61,Yes,8,6,42,Library
2,57,Yes,4,5,34,Library
7,55,No,4,3,43,Library
9,41,No,6,9,37,Library
4,75,Yes,8,7,57,Library
5,59,Yes,6,2,44,Library
3,55,Yes,8,7,35,Library
9,42,No,4,4,36,Library
4,95,Yes,8,3,82,Library
5,69,No,9,2,55,Library
1,94,Yes,9,9,74,Library
2,41,Yes,6,6,19,Library
9,74,Yes,7,6,72,Library
2,65,Yes,9,5,42,Library
5,96,No,6,2,81,Library
8,44,No,7,8,38,Library
3,41,No,5,1,21,Library
6,90,No,6,2,82,Library
4,95,No,9,0,80,Library
7,59,Yes,9,6,51,Library
3,73,No,8,1,53,Library
6,73,No,7,9,62,Library
9,93,No,9,7,91,Library
1,95,No,8,8,71,Library
3,94,Yes,7,1,74,Library
2,59,Yes,6,5,40,Library
8,89,Yes,6,0,83,Library
7,64,No,8,7,58,Library
2,59,Yes,6,4,38,Library
6,64,Yes,8,8,56,Library
3,92,No,4,2,73,Library
8,53,No,7,1,46,Library
3,99,No,8,6,82,Library
9,86,Yes,7,6,88,Library
1,83,No,4,9,56,Library
5,82,Yes,7,4,68,Library
3,82,Yes,8,6,63,Library
6,78,Yes,6,5,71,Library
2,51,Yes,7,8,27,Library
9,87,Yes,7,2,85,Library
6,44,No,9,3,34,Library
7,41,Yes,9,8,33,Library
5,93,Yes,4,9,77,Library
9,55,Yes,5,7,50,Library
1,94,Yes,6,9,69,Library
5,69,Yes,8,5,55,Library
6,86,No,4,2,76,Library
7,82,Yes,8,8,74,Library
4,77,Yes,8,8,61,Library
1,84,Yes,7,5,60,Library
8,90,Yes,4,1,84,Library
4,81,No,4,6,56,Library
3,63,Yes,9,8,43,Library
7,90,Yes,6,8,82,Library
2,69,Yes,5,2,43,Library
8,76,Yes,8,1,73,Library
6,96,No,6,4,81,Library
7,98,No,9,9,94,Library
5,92,No,6,6,74,Library
9,78,Yes,8,2,76,Library
5,50,No,7,3,38,Library
5,53,No,7,9,38,Library
3,62,No,8,1,42,Library
1,92,No,9,9,71,Library
2,55,No,9,1,34,Library
8,89,Yes,4,6,84,Library
1,60,No,5,1,32,Library
7,94,No,7,0,85,Library
5,94,No,5,3,76,Library
3,43,Yes,6,5,21,Library
7,72,Yes,6,9,65,Library
9,93,No,8,9,92,Library
2,86,Yes,8,3,69,Library
8,53,Yes,8,0,49,Library
9,58,No,9,0,54,Library
3,98,Yes,7,8,81,Library
2,44,No,5,0,15,Library
7,75,No,6,6,66,Library
5,70,No,5,6,56,Library
5,84,Yes,7,0,71,Library
5,57,No,5,0,40,Library
4,83,No,5,5,66,Library
5,70,Yes,9,7,57,Library
4,94,No,8,6,79,Library
6,69,Yes,9,5,57,Library
4,60,Yes,9,9,43,Library
2,86,No,5,2,65,Library
9,69,Yes,5,6,66,Library
2,94,No,9,5,74,Library
9,80,Yes,5,7,76,Library
6,43,Yes,9,3,30,Library
9,44,Yes,4,8,39,Library
9,80,Yes,9,0,79,Library
3,84,No,6,6,60,Library
1,49,No,6,8,24,Library
1,66,Yes,5,9,42,Library
3,55,No,9,0,33,Library
5,69,No,9,9,57,Library
3,52,No,8,2,32,Library
9,75,No,8,6,71,Library
9,60,No,8,8,58,Library
3,84,No,9,0,64,Library
3,92,No,9,5,72,Library
5,79,Yes,6,1,64,Library
2,84,No,7,4,61,Library
6,54,Yes,5,6,43,Library
7,59,Yes,6,6,54,Library
9,59,Yes,8,9,56,Library
6,84,No,6,6,75,Library
3,94,No,6,3,72,Library
5,98,Yes,6,5,84,Library
4,44,Yes,8,9,30,Library
5,93,No,7,5,80,Library
8,93,No,4,6,82,Library
8,99,No,5,8,96,Library
6,71,Yes,5,5,60,Library
1,45,Yes,6,9,19,Library
8,69,No,7,0,62,Library
8,65,No,8,7,61,Library
2,76,Yes,4,1,53,Library
4,52,No,4,2,34,Library
2,68,No,6,4,43,Library
4,44,Yes,6,5,27,Library
7,64,Yes,8,6,55,Library
9,52,Yes,8,3,51,Library
8,63,Yes,9,2,58,Library
9,70,No,8,8,69,Library
8,59,Yes,6,3,52,Library
2,94,No,7,8,72,Library
7,47,No,6,8,38,Library
2,99,No,6,2,73,Library
2,48,Yes,4,2,26,Library
4,60,Yes,8,7,46,Library
1,90,No,5,0,60,Library
5,59,No,8,5,43,Library
6,54,Yes,9,5,43,Library
9,65,No,7,8,65,Library
8,93,No,7,1,89,Library
2,81,No,8,7,60,Library
1,50,No,8,6,22,Library
2,76,No,6,1,53,Library
7,80,No,5,0,70,Library
4,50,No,6,3,31,Library
5,66,No,4,1,52,Library
7,69,Yes,4,2,59,Library
3,58,Yes,7,1,40,Library
2,73,No,7,8,50,Library
7,77,No,5,3,66,Library
5,62,Yes,7,0,45,Library
1,92,Yes,9,7,69,Library
1,40,Yes,4,3,13,Library
9,42,No,5,9,37,Library
5,42,Yes,4,7,25,Library
1,67,Yes,8,7,45,Library
7,53,No,8,8,47,Library
9,91,Yes,5,9,93,Library
1,69,No,6,6,40,Library
4,97,Yes,9,3,85,Library
3,93,Yes,9,1,73,Library
5,44,Yes,7,5,27,Library
7,88,Yes,5,3,80,Library
8,54,Yes,9,5,46,Library
2,77,No,7,7,57,Library
7,53,No,4,2,43,Library
1,53,Yes,6,0,25,Library
7,96,No,7,4,90,Library
8,98,Yes,8,2,93,Library
2,88,Yes,8,5,67,Library
9,47,Yes,4,2,44,Library
1,47,Yes,5,0,18,Library
6,58,Yes,7,8,46,Library
1,71,No,4,4,44,Library
3,70,No,8,1,47,Library
6,68,No,8,1,55,Library
3,80,No,8,8,59,Library
8,50,Yes,6,0,42,Library
5,84,No,6,9,69,Library
2,52,Yes,8,2,29,Library
4,66,Yes,9,9,53,Library
9,95,No,5,6,90,Library
4,58,No,6,0,40,Library
8,65,Yes,7,1,55,Library
5,92,Yes,6,5,78,Library
1,90,Yes,7,8,64,Library
7,76,No,6,8,68,Library
3,87,Yes,8,7,68,Library
8,48,Yes,7,2,44,Library
3,67,Yes,5,1,45,Library
1,71,Yes,6,0,47,Library
5,91,No,6,8,73,Library
2,93,No,8,4,71,Library
4,42,Yes,7,2,25,Library
1,90,No,9,9,65,Library
9,71,Yes,8,9,70,Library
6,44,No,7,4,33,Library
8,47,No,6,2,42,Library
4,53,No,6,8,35,Library
9,95,No,6,0,90,Library
2,42,Yes,6,0,17,Library
9,63,Yes,4,2,59,Library
5,52,Yes,6,5,36,Library
6,82,No,6,1,71,Library
3,68,No,9,0,45,Library
4,47,Yes,9,7,31,Library
6,90,No,7,9,77,Library
7,81,No,6,8,73,Library
1,70,Yes,6,9,47,Library
7,65,No,7,0,56,Library
1,57,Yes,6,2,30,Library
5,97,No,6,4,84,Library
6,57,Yes,8,6,41,Library
2,96,No,4,9,73,Library
9,46,No,7,3,41,Library
6,87,No,8,5,77,Library
7,77,No,9,0,63,Library
8,87,No,5,3,79,Library
1,55,Yes,5,7,28,Library
8,94,No,9,4,91,Library
4,95,Yes,4,7,76,Library
8,99,Yes,5,0,92,Library
6,72,Yes,4,9,61,Library
9,95,No,5,8,92,Library
4,90,Yes,5,3,72,Library
2,42,No,8,8,20,Library
2,77,No,5,7,54,Library
5,43,No,9,7,35,Library
9,75,Yes,4,1,67,Library
3,43,No,6,2,20,Library
8,81,No,6,9,76,Library
4,48,No,6,8,33,Library
6,79,Yes,4,2,68,Library
6,90,Yes,4,7,81,Library
3,56,Yes,6,4,36,Library
5,56,Yes,9,6,46,Library
3,72,No,5,3,50,Library
1,59,Yes,6,7,36,Library
7,53,No,7,3,44,Library
4,61,Yes,4,4,43,Library
7,91,No,7,0,79,Library
3,66,Yes,7,9,44,Library
5,82,Yes,4,7,67,Library
5,42,Yes,6,6,27,Library
2,63,No,9,4,39,Library
2,69,No,8,5,49,Library
4,47,Yes,7,0,28,Library
4,61,Yes,6,7,46,Library
4,64,Yes,8,8,48,Library
6,99,Yes,7,4,90,Library
2,49,Yes,6,9,24,Library
6,88,Yes,7,6,75,Library
7,68,No,6,9,61,Library
3,79,No,9,3,62,Library
8,93,No,5,5,87,Library
2,40,No,5,1,13,Library
8,91,No,4,3,85,Library
5,60,No,8,4,47,Library
2,78,Yes,7,8,54,Library
7,63,Yes,7,8,57,Library
2,48,Yes,6,7,26,Library
6,99,Yes,8,3,89,Library
3,83,Yes,7,5,61,Library
9,93,No,8,6,93,Library
3,65,No,8,0,43,Library
3,48,No,5,0,24,Library
5,59,No,7,3,45,Library
7,95,No,7,2,86,Library
8,74,Yes,4,9,65,Library
7,75,No,8,3,70,Library
9,81,No,6,8,79,Library
5,75,No,5,1,59,Library
3,93,Yes,4,3,72,Library
6,48,Yes,5,6,36,Library
5,61,Yes,6,1,46,Library
4,40,Yes,4,7,24,Library
2,44,Yes,5,9,25,Library
7,48,Yes,6,3,38,Library
5,76,No,9,8,65,Library
4,77,No,4,0,59,Library
8,58,No,6,6,53,Library
9,47,Yes,4,0,45,Library
9,81,Yes,7,9,82,Library
3,82,Yes,7,8,64,Library
3,71,Yes,5,9,50,Library
5,52,No,8,9,39,Library
5,59,Yes,9,0,43,Library
2,75,Yes,8,2,54,Library
1,82,Yes,6,6,58,Library
8,83,Yes,4,0,73,Library
3,76,Yes,7,4,56,Library
1,69,No,8,5,42,Library
1,49,Yes,7,2,25,Library
2,70,Yes,9,5,48,Library
6,64,No,6,3,49,Library
6,68,Yes,9,5,59,Library
3,63,Yes,9,5,45,Library
4,78,No,6,3,60,Library
2,60,No,4,0,32,Library
2,80,No,9,2,59,Library
7,48,No,8,9,40,Library
1,81,No,6,6,55,Library
7,81,No,6,1,69,Library
1,41,No,7,3,12,Library
6,43,No,5,5,39,Library
3,47,No,9,4,25,Library
8,71,No,8,5,62,Library
6,53,Yes,4,4,40,Library
2,88,No,9,8,67,Library
8,52,No,4,1,42,Library
5,60,No,7,3,44,Library
8,63,No,9,0,57,Library
8,89,No,4,6,83,Library
6,57,Yes,9,0,43,Library
2,84,Yes,6,5,61,Library
8,79,Yes,9,9,76,Library
6,65,No,8,9,54,Library
6,71,No,9,8,60,Library
8,83,Yes,4,1,74,Library
1,96,No,8,0,74,Library
2,94,No,4,9,66,Library
9,95,Yes,5,2,94,Library
8,92,No,5,5,83,Library
7,72,No,8,6,65,Library
7,91,No,5,7,82,Library
5,70,No,5,3,52,Library
2,57,No,6,7,34,Library
6,74,No,4,6,61,Library
3,51,No,5,7,30,Library
4,90,Yes,8,4,77,Library
2,64,Yes,6,9,45,Library
2,84,No,5,6,59,Library
8,70,No,9,3,66,Library
8,49,Yes,8,0,45,Library
6,86,Yes,4,2,73,Library
5,91,Yes,9,9,81,Library
8,73,Yes,5,8,72,Library
4,90,Yes,8,3,72,Library
4,42,Yes,9,4,27,Library
5,85,Yes,8,2,70,Library
1,78,No,7,5,51,Library
1,47,Yes,9,3,21,Library
2,71,Yes,8,4,50,Library
8,82,Yes,9,6,82,Library
7,68,No,7,6,58,Library
9,61,No,4,8,59,Library
5,59,No,4,1,41,Library
2,45,Yes,6,3,21,Library
7,82,Yes,9,7,78,Library
8,88,Yes,7,3,85,Library
7,68,No,8,2,59,Library
7,81,No,6,9,72,Library
5,95,No,9,5,83,Library
2,56,No,6,2,31,Library
6,70,No,9,1,58,Library
4,92,No,4,8,74,Library
2,73,Yes,8,2,50,Library
9,77,No,7,0,72,Library
7,96,No,4,8,84,Library
6,76,No,6,4,67,Library
5,43,No,5,6,29,Library
3,41,Yes,6,1,20,Library
4,51,Yes,5,0,31,Library
3,74,No,9,5,58,Library
8,45,Yes,4,4,39,Library
3,95,Yes,9,9,77,Library
7,85,Yes,7,5,78,Library
7,47,Yes,8,1,39,Library
7,60,Yes,5,6,51,Library
7,92,Yes,8,0,86,Library
2,97,Yes,9,7,78,Library
3,85,No,4,6,66,Library
9,74,Yes,4,6,74,Library
3,87,No,9,5,70,Library
2,54,Yes,9,9,38,Library
9,46,Yes,4,4,44,Library
9,54,Yes,7,8,52,Library
4,84,No,5,2,63,Library
9,45,Yes,8,8,46,Library
3,86,No,6,4,63,Library
7,56,Yes,9,7,50,Library
7,43,Yes,9,2,37,Library
8,61,No,4,6,52,Library
4,71,Yes,8,9,55,Library
3,98,Yes,8,3,77,Library
3,61,Yes,7,4,46,Library
5,66,No,5,3,52,Library
1,85,Yes,7,8,59,Library
3,54,Yes,7,6,32,Library
6,99,Yes,8,5,87,Library
3,83,No,5,5,61,Library
5,90,Yes,5,9,75,Library
9,61,No,5,6,59,Library
2,67,Yes,4,4,40,Library
2,81,Yes,5,9,61,Library
6,77,No,8,2,62,Library
6,99,No,4,2,86,Library
8,96,No,6,6,89,Library
2,48,No,9,9,29,Library
9,73,No,7,0,72,Library
2,75,Yes,5,3,53,Library
1,48,Yes,6,9,24,Library
2,54,No,5,7,30,Library
7,84,Yes,7,3,79,Library
8,59,Yes,8,0,51,Library
5,47,No,8,4,34,Library
6,97,No,7,0,87,Library
1,67,No,6,8,43,Library
6,90,Yes,4,7,80,Library
8,58,No,9,6,54,Library
3,96,Yes,9,4,80,Library
1,55,No,9,3,29,Library
4,50,No,4,6,34,Library
1,81,No,5,2,58,Library
8,47,No,7,7,38,Library
5,72,Yes,7,4,57,Library
1,49,Yes,4,4,20,Library
8,57,Yes,6,0,49,Library
9,74,No,9,9,73,Library
2,82,Yes,7,7,61,Library
9,89,Yes,8,6,87,Library
8,42,Yes,8,0,37,Library
7,79,No,7,3,69,Library
3,66,Yes,9,3,46,Library
2,98,No,9,8,79,Library
7,67,No,9,9,60,Library
5,85,Yes,6,1,68,Library
6,45,Yes,8,3,38,Library
4,86,No,6,9,71,Library
2,53,No,4,2,28,Library
9,46,No,5,9,44,Library
3,49,Yes,9,4,31,Library
7,54,No,4,6,41,Library
8,70,No,5,4,63,Library
2,68,No,8,4,44,Library
6,81,Yes,5,3,69,Library
8,93,No,5,8,88,Library
7,56,No,7,5,49,Library
3,98,No,5,9,76,Library
1,90,No,7,5,63,Library
6,68,No,5,5,55,Library
8,88,Yes,7,5,86,Library
6,83,Yes,8,0,71,Library
5,54,No,8,5,41,Library
8,65,No,5,3,58,Library
2,51,No,6,1,26,Library
1,64,No,8,5,39,Library
1,80,No,4,0,54,Library
4,44,No,4,0,25,Library
6,43,Yes,7,4,29,Library
9,83,No,6,5,81,Library
1,87,No,9,1,65,Library
1,80,Yes,7,9,57,Library
5,96,Yes,5,7,85,Library
5,70,Yes,8,3,60,Library
5,42,Yes,6,3,27,Library
6,92,No,7,9,82,Library
8,42,Yes,7,4,37,Library
3,65,Yes,4,9,48,Library
9,89,Yes,5,3,85,Library
1,56,No,7,4,28,Library
4,99,No,4,9,83,Library
9,49,No,6,2,47,Library
8,41,Yes,7,7,37,Library
9,63,No,9,5,62,Library
1,50,Yes,9,7,26,Library
9,63,Yes,4,4,59,Library
3,74,Yes,9,6,59,Library
9,62,Yes,5,9,56,Library
1,71,No,8,6,46,Library
1,62,No,9,5,35,Library
9,73,No,6,9,71,Library
6,80,No,7,3,69,Library
4,58,Yes,4,5,41,Library
7,41,Yes,7,8,34,Library
5,99,Yes,8,3,89,Library
7,90,Yes,7,5,83,Library
8,41,Yes,7,5,33,Library
8,54,No,4,2,48,Library
1,95,No,8,3,71,Library
8,60,Yes,6,2,52,Library
6,74,Yes,4,2,63,Library
4,44,No,8,9,27,Library
8,82,No,8,3,79,Library
3,66,Yes,7,3,44,Library
4,63,No,5,5,45,Library
6,46,No,5,3,34,Library
7,45,Yes,6,5,34,Library
4,85,Yes,7,1,69,Library
4,72,No,5,3,56,Library
7,97,No,4,1,86,Library
6,88,Yes,6,7,78,Library
8,56,No,7,8,49,Library
1,85,No,9,6,67,Library
7,81,No,4,5,71,Library
7,69,Yes,5,7,61,Library
7,47,No,5,3,36,Library
7,79,No,5,9,69,Library
8,85,Yes,5,1,80,Library
9,46,Yes,8,3,39,Library
9,45,No,9,4,39,Library
2,43,Yes,6,8,21,Library
7,40,Yes,6,4,30,Library
7,54,No,5,8,47,Library
4,70,Yes,6,8,53,Library
9,64,No,9,7,59,Library
8,86,No,4,4,79,Library
1,72,Yes,4,1,44,Library
2,91,No,6,4,66,Library
2,74,No,5,0,51,Library
8,94,No,7,7,90,Library
1,44,No,9,1,16,Library
4,44,No,5,6,23,Library
5,75,Yes,8,1,62,Library
9,56,Yes,7,4,51,Library
7,92,No,9,9,84,Library
8,91,No,8,6,86,Library
9,53,Yes,6,5,50,Library
7,97,No,8,4,90,Library
5,68,No,6,5,55,Library
5,47,No,8,1,31,Library
6,73,Yes,7,9,64,Library
5,79,No,8,0,64,Library
9,40,Yes,5,0,38,Library
3,68,No,6,7,46,Library
3,75,No,4,2,54,Library
7,90,Yes,8,2,81,Library
7,76,Yes,6,8,67,Library
6,68,No,4,5,54,Library
3,44,No,6,3,19,Library
7,92,No,6,3,85,Library
5,71,Yes,4,6,54,Library
7,99,No,4,5,89,Library
2,91,Yes,7,1,66,Library
6,63,No,9,8,55,Library
8,58,No,8,1,52,Library
1,51,No,8,7,27,Library
4,91,No,6,3,74,Library
1,40,No,5,9,14,Library
1,46,No,5,0,19,Library
8,56,No,9,0,52,Library
7,73,Yes,6,8,63,Library
1,82,No,7,3,55,Library
2,46,No,4,0,18,Library
4,56,No,6,2,39,Library
1,98,No,8,2,74,Library
3,42,Yes,5,6,23,Library
8,68,Yes,5,5,57,Library
8,61,No,5,7,54,Library
8,77,No,7,6,67,Library
6,93,Yes,8,0,86,Library
6,82,Yes,7,2,71,Library
5,68,Yes,4,8,52,Library
9,89,No,6,3,85,Library
4,89,Yes,6,2,72,Library
7,93,Yes,5,4,88,Library
1,81,No,5,7,55,Library
9,44,No,4,0,39,Library
7,69,No,7,1,58,Library
9,62,Yes,9,6,65,Library
7,94,Yes,9,0,90,Library
2,60,Yes,9,4,35,Library
6,95,Yes,8,9,88,Library
4,65,No,4,7,48,Library
3,93,Yes,6,5,72,Library
2,86,No,6,2,60,Library
6,60,Yes,7,6,45,Library
8,59,Yes,4,2,53,Library
6,62,Yes,8,4,49,Library
9,43,No,4,6,39,Library
5,60,Yes,4,1,42,Library
2,60,No,7,9,35,Library
8,40,No,8,3,34,Library
9,54,No,9,1,54,Library
4,56,No,6,6,37,Library
6,90,Yes,5,2,78,Library
8,53,Yes,9,8,49,Library
9,98,No,8,5,96,Library
5,58,No,6,0,43,Library
6,89,Yes,9,9,80,Library
4,99,Yes,7,7,80,Library
5,73,No,8,6,62,Library
7,45,Yes,8,0,37,Library
9,84,Yes,6,2,81,Library
6,88,Yes,6,2,74,Library
6,45,No,4,2,30,Library
8,92,No,4,6,87,Library
4,93,No,8,5,74,Library
3,44,No,5,1,20,Library
7,46,No,7,4,37,Library
5,72,Yes,6,5,55,Library
2,52,Yes,4,1,25,Library
2,90,Yes,7,0,67,Library
6,93,No,9,3,78,Library
8,40,Yes,9,3,35,Library
1,52,No,8,3,24,Library
6,82,No,6,0,72,Library
2,66,No,9,2,42,Library
2,46,No,6,6,24,Library
7,91,No,4,3,82,Library
1,42,No,9,1,15,Library
6,97,Yes,5,7,87,Library
7,64,No,9,0,59,Library
8,72,Yes,6,8,67,Library
7,79,No,5,4,69,Library
6,56,Yes,7,1,45,Library
9,84,No,9,3,83,Library
3,53,No,6,2,31,Library
6,76,Yes,9,6,61,Library
4,97,No,9,5,80,Library
2,95,No,6,8,70,Library
1,93,Yes,5,3,67,Library
1,62,Yes,4,2,37,Library
3,98,No,9,6,81,Library
4,63,Yes,8,5,46,Library
2,68,Yes,7,4,46,Library
1,77,No,6,9,52,Library
4,98,Yes,9,6,84,Library
7,93,No,4,4,84,Library
6,66,Yes,6,8,58,Library
6,77,No,9,3,66,Library
9,92,No,7,0,85,Library
2,79,No,8,9,55,Library
4,84,Yes,6,4,67,Library
5,89,No,9,0,75,Library
1,62,Yes,5,0,36,Library
8,70,No,4,0,64,Library
8,75,No,8,0,69,Library
6,56,No,6,7,42,Library
5,76,Yes,9,1,64,Library
8,42,No,8,8,38,Library
3,75,No,5,6,56,Library
3,94,Yes,6,2,73,Library
2,44,No,8,8,28,Library
5,85,No,6,3,67,Library
3,54,Yes,6,6,34,Library
3,91,Yes,8,2,73,Library
6,88,Yes,6,4,79,Library
8,45,No,5,3,38,Library
2,98,Yes,8,5,78,Library
4,49,No,9,8,35,Library
7,93,No,8,4,85,Library
1,71,Yes,5,0,45,Library
1,62,Yes,5,4,37,Library
7,87,No,5,4,78,Library
7,56,Yes,9,8,52,Library
1,85,Yes,9,7,64,Library
1,59,No,6,4,32,Library
4,83,Yes,6,4,65,Library
5,80,Yes,7,1,67,Library
5,54,Yes,6,8,40,Library
4,83,No,5,3,64,Library
8,85,Yes,7,6,79,Library
7,97,Yes,5,9,91,Library
9,61,No,4,5,56,Library
7,89,No,9,4,85,Library
1,91,No,8,4,64,Library
7,45,No,4,6,34,Library
1,43,Yes,9,1,16,Library
7,97,No,9,8,88,Library
8,62,No,5,1,53,Library
9,83,Yes,6,8,80,Library
3,84,No,8,3,64,Library
4,58,No,6,9,37,Library
4,93,Yes,6,9,75,Library
9,84,No,8,5,82,Library
7,70,No,8,0,60,Library
3,83,Yes,4,4,64,Library
5,91,Yes,5,5,76,Library
7,42,Yes,6,8,35,Library
8,67,Yes,5,8,61,Library
1,42,Yes,5,8,18,Library
2,53,Yes,7,2,25,Library
7,57,Yes,4,3,47,Library
2,66,Yes,6,7,47,Library
7,90,Yes,9,7,81,Library
9,99,Yes,8,1,99,Library
2,49,Yes,8,7,28,Library
7,88,Yes,5,6,77,Library
4,54,No,4,8,37,Library
2,58,Yes,4,4,35,Library
7,48,Yes,6,1,38,Library
5,43,Yes,6,4,31,Library
1,54,Yes,5,1,29,Library
5,90,Yes,5,4,77,Library
3,87,No,5,8,70,Library
7,47,No,7,6,37,Library
6,88,No,4,6,75,Library
8,92,No,5,0,83,Library
5,40,Yes,4,8,24,Library
2,46,No,9,5,23,Library
9,92,No,8,6,90,Library
8,70,Yes,8,1,64,Library
6,57,No,4,0,41,Library
7,51,No,9,3,44,Library
9,87,Yes,8,8,84,Library
7,69,Yes,8,8,65,Library
3,72,No,8,2,54,Library
6,98,Yes,6,0,84,Library
7,86,No,9,1,78,Library
2,46,Yes,6,8,21,Library
3,67,No,4,8,49,Library
4,88,No,4,0,69,Library
6,42,No,7,8,31,Library
1,82,Yes,6,0,56,Library
9,45,Yes,4,9,41,Library
5,70,No,6,3,54,Library
7,77,Yes,7,4,69,Library
9,54,Yes,4,7,53,Library
9,46,No,4,4,40,Library
1,82,Yes,4,4,58,Library
1,69,Yes,4,3,41,Library
3,66,No,5,8,46,Library
6,56,No,9,7,50,Library
2,94,Yes,9,8,75,Library
1,57,Yes,6,6,32,Library
1,61,Yes,6,6,37,Library
5,95,No,6,4,83,Library
4,92,Yes,7,9,75,Library
1,65,Yes,5,0,39,Library
4,90,Yes,6,5,74,Library
3,66,Yes,6,9,43,Library
2,79,Yes,4,5,56,Library
9,63,Yes,4,9,58,Library
1,91,No,4,3,64,Library
7,47,No,6,1,39,Library
4,60,No,4,0,38,Library
5,68,Yes,6,2,53,Library
5,82,Yes,7,8,68,Library
1,60,No,7,0,36,Library
6,42,No,8,4,29,Library
9,70,No,5,9,67,Library
2,94,No,4,5,72,Library
7,66,No,9,8,61,Library
6,85,Yes,4,0,70,Library
5,66,Yes,5,4,51,Library
4,48,Yes,5,0,32,Library
4,96,Yes,8,1,80,Library
6,72,Yes,5,1,62,Library
4,72,No,6,4,59,Library
5,65,No,4,9,50,Library
6,67,Yes,5,3,57,Library
5,83,No,6,5,70,Library
7,82,Yes,5,4,70,Library
9,70,Yes,9,1,69,Library
7,92,No,6,8,87,Library
7,40,Yes,7,9,29,Library
4,59,Yes,6,7,42,Library
1,51,Yes,8,8,27,Library
8,56,No,6,5,49,Library
4,54,No,5,4,35,Library
1,73,Yes,7,4,46,Library
5,89,Yes,7,1,76,Library
8,55,No,6,3,47,Library
4,43,No,5,1,22,Library
8,47,No,7,1,36,Library
8,73,No,9,7,66,Library
3,85,Yes,6,3,68,Library
9,64,Yes,6,3,61,Library
3,54,Yes,6,6,36,Library
1,67,No,7,3,39,Library
2,48,No,4,8,20,Library
6,41,Yes,5,8,28,Library
2,56,No,8,2,29,Library
6,97,Yes,8,5,86,Library
1,49,No,5,6,25,Library
1,48,Yes,4,2,20,Library
5,70,Yes,5,3,58,Library
9,41,Yes,6,0,38,Library
8,63,Yes,9,8,62,Library
3,58,No,5,6,37,Library
3,56,Yes,5,9,34,Library
1,82,Yes,9,6,56,Library
3,88,Yes,7,8,72,Library
1,49,Yes,8,5,25,Library
8,89,No,8,7,82,Library
1,94,Yes,6,4,70,Library
5,67,Yes,9,7,52,Library
9,77,No,6,9,76,Library
7,87,Yes,7,0,78,Library
4,67,Yes,6,2,51,Library
9,98,Yes,9,3,96,Library
9,89,Yes,9,8,90,Library
2,91,No,4,7,64,Library
6,89,No,7,7,79,Library
4,40,No,9,1,22,Library
8,99,No,9,6,96,Library
7,42,No,7,2,32,Library
7,54,No,5,5,42,Library
9,91,Yes,5,3,88,Library
5,49,Yes,4,5,36,Library
6,60,Yes,9,3,48,Library
1,76,Yes,7,2,51,Library
6,54,No,7,1,40,Library
2,62,Yes,5,3,34,Library
6,53,Yes,8,9,43,Library
9,54,No,8,1,59,Library
8,49,Yes,9,6,42,Library
9,95,Yes,5,0,93,Library
8,48,No,9,0,37,Library
3,83,Yes,6,4,63,Library
8,78,Yes,7,6,70,Library
6,44,No,9,0,33,Library
6,64,Yes,4,3,50,Library
6,95,Yes,8,4,84,Library
3,81,Yes,9,1,60,Library
1,96,Yes,6,6,67,Library
4,65,Yes,7,3,47,Library
6,47,No,6,7,34,Library
2,61,Yes,9,0,38,Library
7,91,Yes,7,9,84,Library
7,64,Yes,7,0,53,Library
4,87,No,5,0,69,Library
4,51,No,5,3,32,Library
1,48,No,4,0,21,Library
2,49,Yes,4,4,30,Library
9,87,Yes,6,5,85,Library
8,49,Yes,5,6,45,Library
8,48,Yes,7,7,43,Library
9,65,Yes,5,7,63,Library
7,74,No,7,1,64,Library
9,66,Yes,5,3,62,Library
2,99,Yes,7,6,76,Library
6,70,No,6,8,62,Library
3,58,No,5,8,40,Library
6,82,No,8,2,71,Library
3,77,No,8,6,56,Library
8,45,No,7,3,38,Library
4,54,Yes,6,8,39,Library
6,68,Yes,7,6,62,Library
9,86,Yes,6,5,84,Library
2,84,Yes,4,8,64,Library
2,93,Yes,5,6,71,Library
7,44,No,6,7,38,Library
2,53,Yes,7,4,26,Library
2,92,Yes,4,3,67,Library
4,41,No,7,0,23,Library
9,62,No,8,7,57,Library
8,83,Yes,8,5,80,Library
2,91,Yes,5,3,68,Library
8,85,No,9,2,77,Library
4,58,Yes,5,4,37,Library
2,63,No,4,3,39,Library
7,59,Yes,8,6,49,Library
6,86,No,6,5,74,Library
5,66,No,8,2,53,Library
1,91,No,9,9,67,Library
2,63,Yes,5,0,38,Library
8,56,No,7,6,47,Library
1,64,No,4,4,40,Library
3,85,Yes,9,0,68,Library
2,94,Yes,8,0,70,Library
5,70,Yes,6,5,54,Library
4,67,No,9,3,49,Library
7,89,No,6,7,79,Library
5,98,No,6,1,82,Library
8,67,Yes,4,3,62,Library
4,61,Yes,6,7,46,Library
6,95,No,6,7,86,Library
4,98,Yes,8,4,80,Library
2,44,Yes,4,2,17,Library
1,93,No,7,3,69,Library
1,83,No,7,2,58,Library
8,81,Yes,6,1,74,Library
4,47,No,9,3,32,Library
5,77,Yes,5,8,64,Library
8,67,Yes,4,5,57,Library
7,96,No,5,3,82,Library
8,86,No,4,0,78,Library
8,51,Yes,4,6,40,Library
6,96,Yes,8,1,88,Library
2,64,No,6,5,42,Library
6,77,Yes,8,9,67,Library
1,83,Yes,9,0,56,Library
1,54,Yes,5,6,26,Library
3,83,Yes,5,3,56,Library
3,80,Yes,7,2,63,Library
5,90,No,9,9,78,Library
1,92,Yes,9,6,68,Library
6,73,Yes,8,2,66,Library
7,99,No,8,7,90,Library
3,84,No,9,3,65,Library
4,52,No,8,2,33,Library
3,47,Yes,7,6,32,Library
1,98,Yes,8,6,74,Library
8,52,No,8,8,48,Library
2,75,No,9,9,57,Library
1,45,No,9,6,22,Library
8,77,No,8,5,69,Library
7,71,No,8,2,62,Library
7,60,Yes,9,3,52,Library
4,83,No,5,7,66,Library
9,83,Yes,6,5,81,Library
6,88,Yes,5,8,75,Library
2,98,No,8,7,80,Library
1,46,No,4,7,20,Library
1,65,No,4,9,40,Library
9,54,No,7,9,55,Library
4,95,No,5,6,78,Library
5,88,Yes,9,9,76,Library
3,81,No,7,0,60,Library
4,62,No,7,4,44,Library
8,91,Yes,4,6,85,Library
4,77,No,5,9,56,Library
9,80,No,6,8,76,Library
9,54,No,9,3,49,Library
6,87,Yes,5,7,72,Library
2,92,No,7,0,69,Library
7,79,No,8,3,72,Library
9,55,No,7,3,50,Library
6,71,No,5,1,57,Library
3,76,Yes,4,2,56,Library
7,57,No,5,2,46,Library
5,59,Yes,6,8,45,Library
1,85,No,9,6,60,Library
3,41,No,9,1,22,Library
5,94,No,8,8,81,Library
7,62,Yes,8,7,54,Library
3,69,No,7,5,48,Library
6,42,No,5,5,28,Library
5,85,Yes,9,1,73,Library
1,78,No,4,2,52,Library
6,86,No,6,5,74,Library
8,88,No,7,2,84,Library
1,40,No,5,6,13,Library
2,80,Yes,4,4,57,Library
4,61,Yes,5,3,42,Library
2,68,Yes,4,7,47,Library
9,53,No,5,1,48,Library
8,87,No,5,2,81,Library
8,67,No,9,9,63,Library
4,60,No,7,3,43,Library
5,84,Yes,5,9,71,Library
4,71,No,5,5,49,Library
9,45,Yes,7,4,43,Library
2,93,No,7,4,69,Library
8,40,No,8,6,34,Library
2,60,Yes,8,7,37,Library
1,96,No,9,5,74,Library
3,43,Yes,7,2,21,Library
9,42,Yes,6,3,38,Library
3,88,No,9,0,67,Library
9,69,Yes,4,4,64,Library
7,70,Yes,7,9,61,Library
1,73,No,8,7,46,Library
5,58,Yes,5,2,41,Library
9,59,Yes,7,9,58,Library
3,62,No,7,3,40,Library
9,93,Yes,8,3,92,Library
5,98,No,8,5,86,Library
9,79,Yes,6,8,77,Library
6,64,No,9,9,52,Library
9,54,No,8,2,47,Library
7,77,No,8,3,70,Library
7,62,No,8,5,57,Library
8,91,No,9,5,90,Library
7,41,Yes,5,6,32,Library
9,96,No,7,0,93,Library
9,96,No,7,8,94,Library
6,54,Yes,8,1,42,Library
7,91,No,9,3,82,Library
2,83,Yes,6,2,58,Library
9,74,Yes,8,2,68,Library
1,49,No,9,4,25,Library
1,53,Yes,9,6,30,Library
3,66,Yes,6,6,46,Library
6,93,Yes,9,6,86,Library
5,53,No,7,2,42,Library
2,74,Yes,6,8,49,Library
9,72,No,6,5,70,Library
4,91,No,4,9,74,Library
4,40,Yes,6,7,26,Library
5,73,No,6,0,56,Library
8,58,Yes,5,3,54,Library
4,63,Yes,7,6,48,Library
5,81,No,8,8,70,Library
4,43,No,4,2,22,Library
6,75,No,6,5,62,Library
3,52,Yes,5,7,33,Library
8,97,Yes,5,2,93,Library
6,71,Yes,9,5,62,Library
5,48,No,8,8,31,Library
2,78,Yes,8,8,60,Library
7,55,Yes,7,5,50,Library
2,89,Yes,9,4,67,Library
1,42,Yes,6,0,17,Library
7,91,No,5,2,82,Library
5,59,Yes,4,2,41,Library
1,49,No,7,3,24,Library
4,95,Yes,6,4,78,Library
4,97,Yes,9,7,80,Library
7,97,Yes,8,8,93,Library
9,61,No,9,6,64,Library
2,87,No,6,9,60,Library
1,42,No,9,5,18,Library
2,50,Yes,8,2,28,Library
7,64,Yes,6,8,54,Library
6,81,No,4,9,71,Library
4,87,Yes,7,0,68,Library
1,47,Yes,9,8,23,Library
1,48,No,8,2,20,Library
5,54,Yes,4,8,37,Library
1,71,Yes,5,9,47,Library
7,92,Yes,4,0,81,Library
1,42,No,4,7,18,Library
1,43,Yes,4,5,16,Library
2,69,No,8,8,49,Library
3,52,Yes,5,3,33,Library
1,83,No,7,4,60,Library
9,60,No,4,5,55,Library
8,80,No,8,8,75,Library
5,96,No,8,5,81,Library
2,85,Yes,7,8,64,Library
5,58,No,6,1,41,Library
6,78,Yes,5,3,68,Library
1,87,Yes,5,2,59,Library
4,61,No,9,3,44,Library
9,59,Yes,4,0,55,Library
2,76,Yes,6,1,54,Library
5,70,Yes,5,3,53,Library
1,49,Yes,9,9,24,Library
4,57,No,4,3,37,Library
4,82,Yes,6,4,65,Library
6,78,Yes,8,8,69,Library
9,85,Yes,4,0,82,Library
3,59,Yes,6,7,39,Library
9,57,Yes,7,2,54,Library
6,50,No,5,8,36,Library
7,61,Yes,4,7,55,Library
2,98,No,9,7,78,Library
6,83,Yes,8,8,73,Library
6,57,No,9,3,49,Library
2,97,Yes,4,4,74,Library
2,73,Yes,5,6,51,Library
2,62,No,5,1,37,Library
1,40,No,6,6,16,Library
5,94,No,9,2,84,Library
8,49,Yes,9,5,47,Library
2,92,No,8,5,70,Library
5,40,No,6,5,28,Library
8,77,No,8,9,72,Library
5,78,Yes,4,1,60,Library
2,88,Yes,4,8,67,Library
3,48,Yes,9,7,33,Library
6,70,No,6,6,58,Library
5,46,Yes,7,8,36,Library
4,56,Yes,5,3,35,Library
4,74,Yes,6,1,56,Library
5,87,Yes,6,3,71,Library
2,76,No,4,9,51,Library
9,91,Yes,5,2,88,Library
2,57,No,6,1,36,Library
2,72,No,4,1,50,Library
9,43,No,4,7,42,Library
3,62,No,9,4,44,Library
7,50,No,9,5,42,Library
4,91,No,6,7,75,Library
6,48,Yes,6,6,34,Library
4,69,No,4,6,54,Library
7,47,Yes,9,6,36,Library
1,79,No,6,6,53,Library
3,44,Yes,5,7,24,Library
3,51,No,4,0,30,Library
1,40,Yes,4,2,13,Library
6,54,Yes,6,0,43,Library
9,64,No,6,7,56,Library
8,57,No,6,1,50,Library
7,77,No,5,6,67,Library
8,81,No,4,5,74,Library
6,85,Yes,7,0,73,Library
9,92,Yes,5,5,90,Library
3,65,No,5,8,42,Library
9,79,No,9,2,77,Library
4,98,Yes,4,6,84,Library
7,42,No,7,3,37,Library
9,93,Yes,4,0,91,Library
2,61,No,5,6,34,Library
2,65,No,6,0,40,Library
9,58,Yes,4,3,53,Library
3,83,Yes,4,8,63,Library
9,83,No,6,4,82,Library
5,86,Yes,7,6,73,Library
6,99,No,7,6,86,Library
2,78,Yes,4,2,56,Library
8,98,No,6,7,94,Library
9,75,No,9,0,74,Library
2,60,No,4,3,37,Library
6,80,Yes,6,9,69,Library
6,93,Yes,5,3,79,Library
8,87,Yes,9,1,83,Library
5,65,Yes,6,5,50,Library
9,52,No,4,0,47,Library
1,75,Yes,8,2,53,Library
9,63,Yes,7,8,62,Library
7,80,Yes,4,9,75,Library
4,65,No,6,5,48,Library
3,60,Yes,9,1,40,Library
6,57,Yes,9,8,45,Library
1,54,No,6,1,27,Library
3,54,No,7,6,32,Library
2,45,No,4,0,20,Library
9,82,No,9,4,80,Library
3,70,No,9,6,51,Library
2,67,No,8,2,44,Library
4,47,No,5,3,29,Library
2,68,Yes,8,4,46,Library
1,60,No,5,2,37,Library
6,56,No,9,5,44,Library
8,95,No,5,2,90,Library
2,96,No,4,7,75,Library
9,88,No,9,6,84,Library
3,63,Yes,9,0,44,Library
8,97,Yes,5,1,91,Library
8,99,Yes,6,3,94,Library
3,89,Yes,5,4,69,Library
3,75,Yes,5,9,57,Library
6,70,Yes,7,3,55,Library
1,86,Yes,7,3,61,Library
4,73,No,4,8,54,Library
1,41,No,4,3,12,Library
3,81,No,6,3,62,Library
9,42,No,7,3,40,Library
5,69,No,8,1,57,Library
5,47,No,4,7,33,Library
4,91,Yes,4,3,71,Library
3,46,No,7,4,26,Library
5,51,No,7,7,39,Library
4,97,No,6,3,74,Library
8,58,Yes,7,4,56,Library
4,65,Yes,5,4,45,Library
8,67,Yes,9,5,61,Library
6,54,No,8,6,45,Library
5,53,No,9,2,43,Library
4,87,No,5,9,68,Library
4,98,Yes,5,2,79,Library
4,53,Yes,9,8,40,Library
9,42,No,5,0,37,Library
4,89,Yes,4,9,72,Library
9,68,No,9,7,67,Library
6,99,Yes,5,9,93,Library
7,93,Yes,4,2,85,Library
3,45,Yes,7,4,26,Library
8,88,No,8,2,84,Library
3,62,Yes,8,9,45,Library
1,67,No,5,0,41,Library
5,53,No,8,9,39,Library
2,53,No,4,4,28,Library
6,59,Yes,7,7,48,Library
9,52,Yes,5,4,46,Library
1,66,Yes,6,3,38,Library
4,99,No,9,8,87,Library
1,74,Yes,8,0,50,Library
1,84,Yes,8,4,63,Library
8,95,No,5,0,89,Library
2,41,No,9,5,19,Library
1,80,No,9,9,56,Library
8,84,Yes,8,8,82,Library
4,79,Yes,8,1,60,Library
3,87,No,6,3,67,Library
4,63,Yes,9,7,50,Library
5,68,No,4,2,52,Library
1,42,Yes,5,6,17,Library
1,84,No,5,6,61,Library
3,43,Yes,6,1,22,Library
6,89,No,6,9,79,Library
1,41,No,4,3,15,Library
2,59,No,7,0,34,Library
7,93,Yes,5,7,83,Library
1,92,Yes,9,9,71,Library
7,54,Yes,8,9,47,Library
4,88,No,4,8,70,Library
6,71,No,5,0,58,Library
8,81,No,9,6,74,Library
9,40,No,4,0,34,Library
6,77,No,7,0,66,Library
9,74,No,9,8,73,Library
4,90,No,5,9,72,Library
6,46,No,8,9,34,Library
8,84,No,9,5,80,Library
9,52,Yes,5,0,49,Library
3,88,No,4,6,69,Library
2,40,Yes,7,2,16,Library
6,53,No,9,9,46,Library
4,68,Yes,4,3,50,Library
1,97,No,4,3,67,Library
8,42,Yes,6,7,37,Library
9,85,No,4,0,78,Library
9,63,No,9,7,62,Library
2,40,No,7,8,18,Library
9,87,Yes,8,6,83,Library
7,49,No,6,0,42,Library
5,52,Yes,4,6,36,Library
7,75,Yes,9,5,64,Library
9,48,Yes,5,4,47,Library
8,53,Yes,6,4,48,Library
6,75,Yes,7,0,63,Library
4,49,No,5,5,31,Library
1,79,Yes,7,3,54,Library
6,62,Yes,5,0,46,Library
3,74,Yes,8,7,53,Library
6,94,Yes,7,7,86,Library
6,46,No,5,3,34,Library
4,81,No,7,6,66,Library
2,74,No,6,2,53,Library
9,41,Yes,7,7,32,Library
2,54,Yes,9,6,32,Library
3,48,Yes,7,4,26,Library
1,86,No,5,4,59,Library
7,56,Yes,7,8,45,Library
1,78,No,8,5,54,Library
9,91,Yes,4,5,89,Library
1,57,Yes,6,1,35,Library
5,54,No,9,4,40,Library
7,57,Yes,5,3,49,Library
3,63,No,7,9,46,Library
9,62,Yes,7,2,63,Library
8,51,No,7,8,43,Library
3,62,Yes,6,6,44,Library
5,60,Yes,9,3,48,Library
7,65,Yes,4,8,53,Library
4,47,Yes,8,8,32,Library
5,69,Yes,9,6,58,Library
3,73,No,8,4,50,Library
9,41,No,9,8,39,Library
9,44,Yes,5,6,41,Library
7,70,No,4,8,61,Library
2,72,No,4,2,49,Library
7,93,No,6,8,84,Library
7,43,No,9,0,32,Library
5,45,Yes,7,4,32,Library
9,62,No,4,1,60,Library
3,84,No,9,0,67,Library
4,58,Yes,7,2,46,Library
1,82,Yes,6,6,56,Library
6,84,Yes,9,2,74,Library
4,47,Yes,9,9,28,Library
1,78,Yes,5,9,52,Library
2,52,Yes,9,8,28,Library
3,40,Yes,5,2,18,Library
9,45,Yes,7,5,45,Library
8,46,No,7,1,41,Library
7,87,Yes,4,7,78,Library
4,66,No,6,9,48,Library
1,54,Yes,5,4,26,Library
8,91,Yes,4,1,86,Library
4,73,No,8,6,56,Library
3,97,Yes,4,2,77,Library
9,96,Yes,7,4,95,Library
4,62,No,8,8,47,Library
4,87,No,4,0,62,Library
9,88,No,9,1,87,Library
2,63,No,6,4,40,Library
5,54,No,5,3,35,Library
4,74,No,9,0,60,Library
9,43,Yes,8,6,41,Library
5,83,Yes,6,8,67,Library
9,76,Yes,4,0,70,Library
9,56,Yes,9,7,55,Library
2,70,Yes,7,8,54,Library
9,77,No,7,1,72,Library
3,49,No,6,0,26,Library
4,93,Yes,7,5,77,Library
1,89,No,5,6,67,Library
1,66,Yes,6,1,39,Library
1,81,No,6,4,54,Library
9,45,Yes,7,4,43,Library
8,95,Yes,6,6,89,Library
5,45,Yes,4,0,28,Library
5,91,No,8,9,80,Library
9,54,No,9,7,51,Library
3,43,Yes,8,4,23,Library
3,96,No,9,2,79,Library
7,87,Yes,7,8,77,Library
9,93,Yes,5,2,89,Library
6,95,No,5,6,80,Library
2,79,Yes,7,9,57,Library
1,46,Yes,7,6,20,Library
2,90,Yes,6,9,68,Library
1,97,No,5,7,71,Library
9,88,Yes,8,9,88,Library
8,92,Yes,7,7,85,Library
7,84,Yes,8,3,77,Library
3,86,Yes,9,0,66,Library
8,65,No,8,3,61,Library
2,97,Yes,5,5,74,Library
2,70,Yes,9,9,48,Library
3,41,No,8,5,18,Library
7,67,No,6,5,59,Library
1,81,No,6,6,55,Library
8,52,No,5,0,47,Library
7,57,No,6,9,52,Library
4,69,No,7,0,50,Library
5,94,Yes,9,6,77,Library
1,50,Yes,5,3,25,Library
4,52,No,9,5,35,Library
1,90,Yes,8,5,65,Library
1,63,No,7,8,40,Library
1,96,Yes,5,1,70,Library
7,68,No,8,3,61,Library
7,95,No,8,3,89,Library
4,93,Yes,8,6,77,Library
2,44,No,8,0,22,Library
3,74,Yes,8,4,55,Library
8,58,No,5,3,52,Library
8,94,No,6,1,88,Library
6,52,Yes,8,4,44,Library
9,44,No,7,8,39,Library
9,83,Yes,5,7,80,Library
4,53,Yes,4,8,35,Library
1,77,Yes,6,6,52,Library
1,61,Yes,7,9,34,Library
5,48,Yes,8,6,33,Library
2,88,No,5,1,64,Library
6,79,No,5,2,65,Library
7,65,Yes,8,9,55,Library
1,84,No,7,7,58,Library
6,44,Yes,5,1,29,Library
8,68,No,9,6,65,Library
5,93,Yes,6,5,80,Library
7,61,No,7,9,55,Library
6,88,Yes,8,3,78,Library
4,42,No,7,3,22,Library
7,67,Yes,9,2,53,Library
9,77,Yes,7,5,77,Library
7,53,No,4,2,41,Library
5,86,Yes,8,8,69,Library
7,53,Yes,6,3,47,Library
3,82,No,8,3,64,Library
2,50,No,4,1,28,Library
5,48,Yes,8,1,35,Library
4,77,Yes,8,6,63,Library
5,86,Yes,6,4,71,Library
8,83,Yes,4,2,78,Library
4,45,No,8,5,32,Library
9,40,Yes,9,5,40,Library
7,64,Yes,8,0,55,Library
7,55,No,5,2,42,Library
8,91,No,8,4,88,Library
6,54,Yes,6,6,43,Library
8,73,No,5,3,66,Library
3,56,No,9,7,33,Library
1,42,No,9,2,12,Library
6,42,Yes,9,5,32,Library
1,76,Yes,4,5,48,Library
9,56,Yes,9,8,56,Library
2,94,No,7,3,73,Library
2,88,Yes,6,6,65,Library
7,91,Yes,4,9,83,Library
2,77,Yes,5,0,53,Library
8,40,No,7,0,39,Library
6,46,Yes,4,1,32,Library
7,65,Yes,6,3,55,Library
7,86,Yes,5,5,76,Library
6,78,Yes,6,3,69,Library
9,58,No,6,5,54,Library
9,91,Yes,5,1,89,Library
7,93,Yes,9,8,87,Library
9,69,No,8,2,66,Library
3,82,No,6,6,65,Library
3,94,No,9,0,71,Library
1,53,No,5,7,27,Library
5,52,No,6,3,38,Library
4,59,Yes,8,4,43,Library
2,65,No,5,6,38,Library
9,66,No,4,2,59,Library
3,64,No,4,8,44,Library
8,48,Yes,9,8,39,Library
6,80,Yes,4,7,67,Library
5,87,Yes,7,0,70,Library
1,51,No,6,1,24,Library
4,49,Yes,6,1,31,Library
3,45,No,5,2,24,Library
1,89,No,7,1,61,Library
5,73,Yes,6,0,59,Library
6,98,Yes,5,4,87,Library
2,91,Yes,8,5,68,Library
3,80,No,6,6,62,Library
6,58,Yes,9,9,50,Library
4,45,Yes,6,6,27,Library
9,41,Yes,8,1,36,Library
5,54,Yes,8,6,43,Library
4,56,Yes,6,1,35,Library
2,55,No,8,1,29,Library
6,67,No,5,5,56,Library
2,60,Yes,6,5,41,Library
7,47,No,6,7,37,Library
3,49,No,4,4,26,Library
9,49,No,9,4,46,Library
5,89,Yes,6,9,75,Library
8,49,No,4,0,40,Library
6,48,Yes,8,3,36,Library
8,67,No,9,0,62,Library
3,63,Yes,9,9,47,Library
3,58,No,8,4,39,Library
5,72,No,5,7,57,Library
3,43,Yes,4,0,20,Library
8,95,Yes,6,2,87,Library
8,42,No,4,0,31,Library
2,81,Yes,8,5,57,Library
4,51,Yes,8,9,37,Library
1,57,Yes,5,0,29,Library
4,62,Yes,9,9,48,Library
4,59,No,9,2,41,Library
9,45,Yes,8,4,43,Library
3,92,No,4,4,70,Library
2,73,No,9,1,54,Library
9,81,Yes,6,2,77,Library
9,41,Yes,6,8,40,Library
1,69,Yes,4,0,39,Library
6,48,Yes,5,0,38,Library
8,66,No,6,1,61,Library
3,81,No,4,7,59,Library
9,73,Yes,4,5,68,Library
2,79,No,8,3,59,Library
6,63,Yes,9,6,55,Library
1,88,No,8,5,63,Library
7,56,No,9,8,47,Library
3,68,No,5,5,49,Library
7,75,Yes,5,1,64,Library
4,89,Yes,5,2,72,Library
9,51,No,4,8,46,Library
5,70,Yes,4,6,55,Library
3,88,Yes,8,5,73,Library
8,48,No,6,4,41,Library
6,58,Yes,9,2,50,Library
2,85,Yes,9,3,61,Library
3,85,No,5,0,60,Library
8,56,No,9,4,52,Library
7,41,No,7,6,31,Library
6,79,No,5,1,66,Library
1,44,Yes,9,7,16,Library
9,98,Yes,8,9,93,Library
3,78,No,9,5,59,Library
5,93,No,4,9,78,Library
7,87,Yes,8,2,79,Library
7,55,Yes,8,1,50,Library
3,56,Yes,8,7,38,Library
4,93,No,7,3,80,Library
7,66,No,7,6,58,Library
8,46,No,9,6,44,Library
2,91,No,5,9,70,Library
9,47,Yes,9,8,45,Library
7,47,No,9,9,40,Library
8,62,No,9,7,57,Library
6,71,Yes,4,7,61,Library
6,82,No,8,6,72,Library
9,86,Yes,6,9,83,Library
4,57,No,5,4,36,Library
5,77,Yes,5,8,61,Library
9,93,Yes,8,6,90,Library
1,51,Yes,5,2,22,Library
4,54,No,8,5,35,Library
7,67,No,5,2,59,Library
9,94,No,9,5,89,Library
6,77,No,4,7,66,Library
8,89,No,5,8,88,Library
9,95,No,5,1,91,Library
4,70,Yes,6,5,53,Library
1,91,No,4,2,64,Library
8,48,No,9,6,40,Library
2,47,Yes,4,3,24,Library
1,85,Yes,4,4,59,Library
7,58,No,5,9,49,Library
9,90,Yes,7,5,85,Library
9,47,No,5,7,47,Library
3,73,Yes,8,1,54,Library
6,96,No,6,3,82,Library
7,43,Yes,4,3,31,Library
9,70,Yes,8,5,67,Library
2,77,No,9,3,58,Library
8,42,No,8,4,36,Library
7,74,Yes,7,4,66,Library
4,58,Yes,4,7,39,Library
2,82,Yes,5,3,61,Library
8,68,Yes,4,5,64,Library
5,49,No,6,6,31,Library
6,51,Yes,4,7,39,Library
7,85,Yes,8,8,78,Library
1,69,No,8,9,43,Library
8,69,No,5,7,62,Library
4,99,No,5,3,80,Library
9,57,No,5,3,51,Library
1,63,No,9,9,40,Library
2,71,No,6,4,48,Library
6,48,Yes,9,2,38,Library
1,86,Yes,9,1,61,Library
4,63,Yes,9,1,42,Library
8,65,No,4,8,57,Library
5,42,No,7,7,26,Library
9,62,Yes,4,5,58,Library
6,50,Yes,5,8,40,Library
1,49,No,6,4,26,Library
6,89,No,9,9,78,Library
6,75,Yes,4,0,62,Library
6,99,Yes,8,7,90,Library
8,52,Yes,9,2,50,Library
6,68,Yes,4,8,57,Library
5,77,Yes,8,0,62,Library
2,98,No,4,2,74,Library
4,92,Yes,4,0,74,Library
5,52,Yes,9,0,40,Library
4,96,No,4,5,81,Library
2,65,Yes,5,3,45,Library
7,59,No,8,9,50,Library
2,44,No,6,3,17,Library
1,59,Yes,7,4,31,Library
5,53,Yes,9,2,40,Library
1,84,No,8,1,61,Library
1,53,No,5,9,26,Library
1,47,No,8,7,20,Library
6,87,Yes,6,6,73,Library
9,52,Yes,9,9,55,Library
1,63,Yes,8,3,37,Library
5,54,Yes,5,1,35,Library
9,90,Yes,9,8,90,Library
9,40,No,5,7,36,Library
1,61,Yes,9,3,38,Library
8,73,Yes,7,4,65,Library
1,89,No,6,9,66,Library
8,90,Yes,7,5,88,Library
1,79,Yes,4,3,53,Library
5,42,Yes,5,1,27,Library
8,94,No,7,4,90,Library
6,65,No,5,0,50,Library
9,53,Yes,9,6,49,Library
1,97,Yes,5,8,71,Library
9,80,Yes,4,2,72,Library
1,47,No,5,5,21,Library
3,88,No,9,8,73,Library
1,94,Yes,9,3,68,Library
3,94,Yes,7,5,74,Library
2,95,Yes,6,2,72,Library
2,55,Yes,8,8,38,Library
9,81,No,7,6,78,Library
8,60,No,4,6,55,Library
1,49,Yes,8,3,24,Library
4,96,No,5,5,72,Library
1,64,No,7,7,38,Library
1,95,Yes,8,5,73,Library
4,77,Yes,7,5,60,Library
2,61,Yes,5,3,38,Library
3,88,Yes,9,7,74,Library
9,87,No,7,9,86,Library
2,86,Yes,4,7,62,Library
4,93,Yes,8,8,80,Library
1,85,Yes,8,5,62,Library
2,43,Yes,8,1,22,Library
5,43,No,7,3,28,Library
1,69,Yes,5,3,41,Library
7,41,Yes,7,7,34,Library
4,68,No,7,4,52,Library
6,82,Yes,9,3,71,Library
8,75,Yes,8,7,68,Library
6,60,Yes,5,2,47,Library
2,99,No,6,1,73,Library
1,60,Yes,5,3,33,Library
8,87,Yes,7,0,83,Library
8,60,Yes,4,0,48,Library
9,43,No,5,4,39,Library
6,40,Yes,8,0,29,Library
1,65,Yes,4,3,36,Library
9,95,Yes,6,7,94,Library
3,90,No,6,7,73,Library
6,41,No,4,1,28,Library
9,48,Yes,6,2,49,Library
3,94,Yes,4,2,73,Library
5,96,No,7,0,83,Library
5,84,Yes,4,2,73,Library
7,57,No,7,7,50,Library
4,87,No,8,5,74,Library
4,87,No,8,4,71,Library
7,96,Yes,6,9,92,Library
9,81,No,9,8,78,Library
4,80,No,9,6,64,Library
4,50,Yes,4,5,37,Library
6,64,Yes,7,4,49,Library
6,65,Yes,8,4,53,Library
7,97,No,8,9,95,Library
1,75,No,8,8,50,Library
3,81,Yes,6,9,62,Library
9,74,No,8,5,74,Library
6,77,Yes,9,3,70,Library
6,42,Yes,5,3,29,Library
5,98,Yes,6,3,81,Library
3,80,Yes,4,5,58,Library
5,74,Yes,5,0,57,Library
1,89,No,6,8,61,Library
3,79,No,6,1,56,Library
4,61,Yes,7,1,44,Library
5,47,No,5,4,30,Library
9,54,No,5,3,53,Library
4,84,Yes,9,2,67,Library
3,46,No,5,4,21,Library
1,58,No,8,6,35,Library
6,79,Yes,9,9,77,Library
7,81,No,8,1,72,Library
8,56,No,9,5,52,Library
1,40,No,4,3,15,Library
4,84,No,9,1,67,Library
5,68,No,4,0,55,Library
2,97,Yes,9,7,73,Library
1,52,Yes,4,4,25,Library
8,95,Yes,8,9,90,Library
6,87,Yes,9,1,74,Library
5,68,Yes,7,7,53,Library
9,80,No,9,2,79,Library
2,81,No,4,6,59,Library
8,45,Yes,6,1,40,Library
9,44,Yes,8,6,39,Library
1,73,Yes,7,3,49,Library
7,50,No,6,9,41,Library
8,48,No,6,0,39,Library
3,77,No,8,4,57,Library
4,79,No,9,3,66,Library
3,80,No,5,7,59,Library
7,48,No,7,0,40,Library
9,47,Yes,9,1,47,Library
3,83,No,8,4,65,Library
6,97,Yes,5,9,86,Library
8,79,Yes,8,9,75,Library
6,42,No,8,1,30,Library
2,52,No,6,0,26,Library
7,58,No,9,5,49,Library
2,73,No,8,9,52,Library
2,71,No,9,3,47,Library
2,88,No,5,4,64,Library
1,55,No,6,2,28,Library
1,75,No,5,9,48,Library
7,57,Yes,5,5,47,Library
5,53,Yes,6,3,37,Library
3,69,No,9,5,54,Library
1,41,Yes,5,4,18,Library
6,52,No,4,1,37,Library
1,66,Yes,9,3,41,Library
9,98,Yes,8,1,96,Library
2,92,No,6,4,69,Library
1,91,No,6,2,64,Library
7,56,No,9,5,48,Library
6,70,Yes,4,4,59,Library
6,54,Yes,4,1,39,Library
5,96,No,4,9,80,Library
4,59,Yes,4,7,38,Library
4,44,No,7,5,26,Library
3,46,Yes,6,8,27,Library
8,57,No,5,2,50,Library
7,95,Yes,6,3,89,Library
9,50,No,6,7,45,Library
1,71,No,6,6,42,Library
7,89,No,4,7,80,Library
4,66,Yes,4,8,48,Library
7,65,No,7,7,59,Library
1,76,Yes,9,7,53,Library
5,84,No,6,5,72,Library
3,67,No,8,1,46,Library
5,89,No,9,6,75,Library
4,41,Yes,7,3,25,Library
2,59,Yes,4,2,36,Library
4,43,Yes,6,3,24,Library
3,52,No,4,3,31,Library
1,63,Yes,9,2,39,Library
8,87,No,5,8,81,Library
5,77,No,4,2,63,Library
4,97,No,4,1,81,Library
5,79,No,7,0,63,Library
4,87,No,5,0,69,Library
3,84,Yes,9,4,66,Library
5,94,Yes,8,4,80,Library
4,68,No,8,8,52,Library
1,97,No,8,3,68,Library
3,75,Yes,6,4,57,Library
8,41,No,8,5,37,Library
7,80,No,6,9,68,Library
2,57,No,9,6,35,Library
1,88,No,9,8,65,Library
3,47,Yes,4,5,28,Library
5,97,No,8,0,82,Library
1,54,Yes,7,7,29,Library
3,80,Yes,9,1,62,Library
3,56,Yes,5,8,35,Library
5,62,Yes,5,6,51,Library
3,41,No,9,6,22,Library
9,45,No,4,9,42,Library
1,68,No,5,9,45,Library
4,66,Yes,5,4,48,Library
4,76,Yes,4,7,61,Library
1,88,Yes,4,9,59,Library
2,73,No,4,0,50,Library
1,57,No,7,2,33,Library
6,81,No,4,8,65,Library
3,49,Yes,4,0,26,Library
7,77,Yes,4,7,69,Library
5,98,No,9,5,87,Library
9,83,Yes,8,9,85,Library
7,56,Yes,9,4,46,Library
4,98,No,8,5,82,Library
5,52,Yes,7,4,36,Library
5,91,Yes,7,8,77,Library
5,99,No,5,1,85,Library
9,87,Yes,9,9,85,Library
3,81,Yes,8,5,62,Library
6,66,Yes,7,3,54,Library
8,92,Yes,7,2,89,Library
9,41,No,9,4,35,Library
7,73,No,5,1,65,Library
3,70,Yes,4,2,52,Library
1,62,No,6,6,37,Library
4,46,No,5,0,27,Library
6,77,No,6,1,60,Library
3,72,Yes,5,2,52,Library
1,51,Yes,5,9,28,Library
6,84,No,4,6,72,Library
1,51,No,7,3,23,Library
9,58,No,8,7,59,Library
1,48,No,5,7,20,Library
6,49,Yes,4,0,38,Library
1,56,No,6,4,31,Library
7,89,Yes,9,0,81,Library
3,79,Yes,9,6,66,Library
6,78,Yes,7,3,68,Library
7,80,Yes,9,7,75,Library
1,49,Yes,5,7,24,Library
1,51,Yes,6,8,26,Library
5,54,Yes,5,5,39,Library
6,70,No,9,6,61,Library
9,54,Yes,8,6,52,Library
1,67,No,9,4,38,Library
4,43,No,8,6,25,Library
8,75,No,9,8,73,Library
9,94,No,7,3,93,Library
3,40,No,6,1,16,Library
2,97,Yes,8,7,75,Library
4,83,Yes,4,6,64,Library
2,96,No,7,5,77,Library
1,73,No,5,6,44,Library
3,86,No,9,2,66,Library
7,56,Yes,6,5,48,Library
1,78,No,6,9,50,Library
2,77,Yes,9,6,56,Library
1,83,Yes,4,6,55,Library
8,90,No,8,4,83,Library
5,72,Yes,9,2,58,Library
8,99,Yes,6,1,93,Library
3,60,Yes,4,6,38,Library
7,65,No,4,3,55,Library
8,85,No,5,1,80,Library
6,75,No,4,7,64,Library
7,44,No,7,1,37,Library
2,72,No,6,5,49,Library
8,40,No,7,3,33,Library
5,92,No,4,8,78,Library
7,45,No,4,4,31,Library
1,76,Yes,7,3,53,Library
5,41,No,5,7,25,Library
1,96,Yes,4,2,69,Library
8,92,Yes,7,8,89,Library
4,98,No,7,7,80,Library
4,98,Yes,6,7,80,Library
2,44,Yes,5,9,22,Library
5,65,No,8,4,52,Library
1,80,Yes,7,0,59,Library
9,90,No,6,9,88,Library
5,92,Yes,8,8,81,Library
6,86,Yes,6,1,79,Library
2,52,No,6,0,28,Library
1,51,Yes,9,5,28,Library
4,44,Yes,5,0,19,Library
7,41,No,4,9,31,Library
6,98,No,5,9,87,Library
1,43,Yes,8,9,17,Library
1,98,Yes,9,6,75,Library
8,66,No,5,6,61,Library
4,89,Yes,4,0,72,Library
5,92,No,5,9,78,Library
7,49,No,5,4,36,Library
8,52,No,5,2,45,Library
7,83,Yes,7,1,74,Library
2,41,Yes,7,4,17,Library
4,65,Yes,5,4,47,Library
1,54,No,4,1,25,Library
9,85,Yes,4,5,81,Library
3,96,No,4,6,74,Library
3,49,Yes,4,0,30,Library
9,61,No,9,2,59,Library
3,79,No,9,3,60,Library
8,64,Yes,6,1,58,Library
2,54,No,5,9,28,Library
3,52,Yes,5,4,33,Library
2,47,Yes,6,3,30,Library
1,60,Yes,4,1,31,Library
2,60,Yes,8,0,36,Library
8,61,Yes,8,7,56,Library
9,85,No,6,1,82,Library
2,72,Yes,8,3,50,Library
7,84,No,7,9,76,Library
5,66,Yes,5,4,52,Library
3,79,No,8,1,60,Library
9,89,No,9,9,91,Library
6,61,Yes,9,8,52,Library
1,69,No,7,1,43,Library
5,48,Yes,5,5,32,Library
7,84,Yes,7,6,77,Library
4,74,Yes,5,5,55,Library
8,57,No,5,3,52,Library
5,81,No,8,0,68,Library
9,44,No,9,1,41,Library
9,66,No,6,9,63,Library
9,96,Yes,8,9,99,Library
1,45,Yes,4,5,17,Library
2,71,No,7,7,47,Library
3,47,No,4,2,24,Library
4,95,Yes,5,6,80,Library
9,78,No,8,8,79,Library
6,60,Yes,4,3,49,Library
1,57,No,4,6,27,Library
9,53,No,9,6,51,Library
6,54,No,4,9,41,Library
4,81,Yes,9,8,67,Library
4,65,Yes,9,2,48,Library
3,92,No,5,0,72,Library
7,83,No,9,7,75,Library
3,71,No,5,3,48,Library
2,78,No,9,1,58,Library
8,67,No,9,4,62,Library
4,99,No,5,3,83,Library
8,78,No,4,0,68,Library
1,82,No,7,6,55,Library
5,71,Yes,8,3,55,Library
9,52,Yes,8,7,49,Library
1,54,Yes,5,8,27,Library
4,57,Yes,4,7,38,Library
6,78,No,7,0,66,Library
8,45,Yes,6,7,37,Library
3,94,Yes,5,4,72,Library
5,50,No,6,0,34,Library
7,71,Yes,8,8,68,Library
1,79,Yes,8,8,56,Library
7,59,Yes,7,6,52,Library
8,72,Yes,7,6,67,Library
8,79,Yes,6,0,69,Library
9,47,No,8,8,45,Library
6,90,No,7,0,76,Library
6,74,No,7,6,65,Library
2,44,Yes,8,8,26,Library
3,74,Yes,8,8,54,Library
4,86,Yes,4,4,68,Library
4,53,No,9,5,34,Library
8,60,Yes,7,1,56,Library
1,86,Yes,6,1,63,Library
4,63,Yes,5,9,47,Library
4,56,Yes,5,8,40,Library
1,57,No,8,0,31,Library
3,73,No,9,9,56,Library
5,51,Yes,6,4,36,Library
6,55,No,4,6,41,Library
9,43,No,7,9,43,Library
9,64,No,4,5,61,Library
9,73,Yes,6,5,69,Library
1,67,No,4,5,44,Library
9,85,No,8,7,82,Library
8,50,Yes,5,6,48,Library
2,52,No,8,4,27,Library
1,70,No,7,9,45,Library
1,99,No,8,1,75,Library
6,64,Yes,6,9,54,Library
9,78,Yes,6,5,76,Library
7,49,No,7,9,44,Library
5,63,Yes,7,4,50,Library
2,40,Yes,5,3,17,Library
1,92,Yes,4,9,66,Library
2,64,No,5,4,42,Library
1,67,No,8,8,42,Library
3,75,Yes,4,1,56,Library
6,57,No,7,5,48,Library
8,45,Yes,6,8,40,Library
3,41,Yes,8,9,24,Library
9,42,No,5,4,38,Library
5,85,Yes,9,5,73,Library
7,47,Yes,9,9,40,Library
8,70,Yes,7,3,62,Library
3,87,Yes,4,4,65,Library
2,58,No,9,7,37,Library
2,89,Yes,4,0,68,Library
5,45,No,6,0,30,Library
1,53,Yes,7,9,31,Library
2,42,No,7,3,15,Library
9,87,Yes,8,9,89,Library
7,40,Yes,8,2,33,Library
6,83,No,4,4,72,Library
9,69,No,9,9,64,Library
7,85,Yes,9,7,78,Library
5,58,Yes,5,0,40,Library
9,93,Yes,4,4,91,Library
6,58,Yes,9,4,49,Library
6,48,Yes,8,1,38,Library
4,46,No,8,4,28,Library
1,85,No,8,7,62,Library
5,76,Yes,4,9,62,Library
9,89,No,7,6,89,Library
8,80,No,5,1,74,Library
8,92,Yes,5,5,85,Library
5,46,No,8,9,33,Library
9,48,Yes,6,0,41,Library
3,43,No,4,9,24,Library
3,64,No,9,9,47,Library
1,88,No,9,2,65,Library
9,51,No,7,5,50,Library
6,45,No,8,8,35,Library
2,57,Yes,6,0,30,Library
8,79,No,8,5,76,Library
9,60,Yes,6,1,55,Library
9,54,No,5,8,49,Library
2,42,No,6,1,19,Library
2,41,No,5,2,15,Library
7,95,Yes,5,1,86,Library
4,94,No,4,3,77,Library
1,80,No,6,3,55,Library
8,79,Yes,7,9,77,Library
2,98,Yes,7,0,74,Library
3,43,Yes,6,7,23,Library
5,71,No,4,4,56,Library
3,41,No,7,7,18,Library
7,85,No,8,5,76,Library
7,68,No,7,1,57,Library
2,41,Yes,4,6,13,Library
7,73,Yes,5,9,64,Library
6,66,No,5,8,54,Library
9,99,Yes,5,6,97,Library
9,93,Yes,4,4,89,Library
2,78,Yes,5,3,53,Library
7,83,No,5,7,74,Library
5,77,Yes,4,5,61,Library
6,57,No,8,4,41,Library
1,75,No,7,6,48,Library
7,58,No,4,2,48,Library
6,66,Yes,4,8,54,Library
4,84,Yes,6,3,67,Library
1,59,Yes,5,3,34,Library
9,60,Yes,9,7,60,Library
4,62,No,8,5,46,Library
2,69,No,9,0,45,Library
8,64,No,6,1,56,Library
2,70,Yes,8,8,49,Library
5,66,Yes,5,5,49,Library
6,73,Yes,9,6,65,Library
8,47,No,5,8,39,Library
1,58,No,5,2,33,Library
1,80,Yes,7,4,55,Library
4,65,No,8,4,50,Library
5,67,No,8,9,52,Library
9,43,Yes,6,6,43,Library
7,70,Yes,4,1,58,Library
7,55,No,5,3,45,Library
8,90,Yes,5,3,81,Library
5,49,No,9,7,36,Library
5,77,Yes,6,9,64,Library
1,87,No,8,2,57,Library
9,49,Yes,7,1,46,Library
6,84,Yes,8,8,76,Library
9,48,Yes,7,3,43,Library
3,78,No,7,8,58,Library
5,75,No,8,5,61,Library
2,90,Yes,9,0,72,Library
5,97,No,5,2,82,Library
8,75,No,7,6,69,Library
2,58,Yes,9,8,35,Library
8,99,Yes,6,7,91,Library
4,58,Yes,6,4,40,Library
1,51,No,7,7,26,Library
5,52,Yes,5,1,34,Library
1,64,No,7,2,35,Library
7,75,No,6,7,67,Library
8,64,No,6,8,60,Library
3,67,Yes,8,9,48,Library
3,81,Yes,5,7,62,Library
7,92,No,8,3,84,Library
4,78,No,9,5,67,Library
3,69,Yes,9,4,50,Library
8,44,Yes,9,3,42,Library
3,56,Yes,4,8,37,Library
7,57,Yes,9,9,50,Library
2,82,Yes,7,2,61,Library
1,86,Yes,8,0,61,Library
6,60,Yes,9,6,48,Library
8,61,Yes,5,9,56,Library
1,78,Yes,9,7,54,Library
9,89,No,7,2,86,Library
3,97,Yes,7,2,77,Library
3,96,Yes,7,5,77,Library
4,45,No,7,1,25,Library
1,89,Yes,7,5,67,Library
9,55,Yes,5,4,51,Library
3,41,No,4,6,20,Library
4,90,Yes,6,8,74,Library
1,40,No,4,8,12,Library
4,96,No,6,0,78,Library
1,69,Yes,8,6,48,Library
5,97,No,7,2,79,Library
5,82,No,8,3,66,Library
7,91,No,8,1,82,Library
8,76,No,6,0,67,Library
4,87,Yes,5,9,75,Library
7,62,No,7,2,52,Library
4,40,No,9,9,25,Library
3,58,Yes,8,8,39,Library
6,85,No,4,0,66,Library
4,42,Yes,7,2,24,Library
3,41,No,5,4,17,Library
9,95,Yes,7,2,93,Library
5,76,No,9,3,62,Library
7,56,Yes,9,3,47,Library
6,67,No,8,0,55,Library
5,57,Yes,4,5,41,Library
7,72,Yes,8,6,67,Library
6,54,Yes,5,6,43,Library
2,61,Yes,6,5,42,Library
3,80,Yes,9,6,64,Library
2,66,No,4,2,42,Library
3,94,No,9,4,77,Library
1,76,Yes,5,6,52,Library
8,71,Yes,5,9,62,Library
6,99,No,9,4,90,Library
2,84,No,8,9,60,Library
8,58,Yes,9,1,49,Library
6,67,No,8,5,54,Library
7,67,Yes,9,6,61,Library
1,95,Yes,8,1,67,Library
7,49,Yes,6,9,42,Library
3,59,No,7,7,43,Library
8,64,Yes,7,4,58,Library
6,60,No,8,7,50,Library
4,53,No,8,2,34,Library
8,61,No,6,1,51,Library
9,92,No,7,6,89,Library
2,65,Yes,6,4,41,Library
6,83,Yes,5,4,70,Library
5,50,No,9,7,35,Library
5,94,Yes,7,8,79,Library
3,46,No,8,7,26,Library
8,56,Yes,4,9,46,Library
8,57,Yes,5,1,51,Library
5,46,Yes,9,9,30,Library
8,95,Yes,4,6,88,Library
8,59,Yes,6,4,55,Library
3,77,Yes,9,6,60,Library
2,50,No,6,2,26,Library
9,83,Yes,6,3,85,Library
2,97,Yes,8,6,76,Library
9,55,Yes,6,1,53,Library
4,90,No,4,1,70,Library
2,94,Yes,5,0,64,Library
1,66,Yes,8,0,41,Library
4,90,Yes,5,0,73,Library
9,50,No,6,5,47,Library
9,55,Yes,7,4,49,Library
4,62,No,9,9,53,Library
9,99,No,8,7,95,Library
6,98,Yes,6,4,87,Library
1,51,Yes,8,0,26,Library
6,98,No,7,7,89,Library
9,79,No,4,5,73,Library
2,42,Yes,4,7,19,Library
6,41,Yes,9,1,33,Library
2,99,No,4,9,75,Library
4,77,No,7,7,59,Library
8,87,No,5,5,79,Library
7,91,No,7,0,82,Library
9,63,Yes,7,0,58,Library
7,68,No,6,9,61,Library
1,86,Yes,4,4,59,Library
2,85,No,8,6,63,Library
6,73,No,9,3,60,Library
7,59,Yes,5,9,55,Library
3,57,Yes,8,4,38,Library
9,53,Yes,6,9,49,Library
7,57,Yes,6,2,48,Library
6,41,No,5,1,24,Library
6,40,Yes,8,1,27,Library
1,59,Yes,5,4,34,Library
5,73,Yes,5,3,59,Library
3,80,No,4,1,60,Library
7,80,No,8,4,75,Library
3,87,Yes,4,9,67,Library
5,50,No,4,8,36,Library
7,66,No,9,7,60,Library
3,62,Yes,4,8,43,Library
2,77,No,7,8,52,Library
6,83,Yes,6,7,73,Library
8,42,Yes,6,8,36,Library
4,51,Yes,7,3,37,Library
9,69,No,5,7,66,Library
8,70,Yes,8,1,64,Library
7,62,No,8,8,54,Library
7,40,No,8,8,31,Library
3,80,No,4,2,59,Library
6,59,No,8,5,49,Library
5,93,Yes,8,6,80,Library
1,45,Yes,8,2,19,Library
3,50,No,6,4,27,Library
1,74,Yes,7,0,51,Library
4,43,No,9,2,25,Library
3,68,No,5,7,48,Library
4,98,Yes,7,2,82,Library
9,49,No,8,7,47,Library
3,90,Yes,5,8,70,Library
6,68,No,5,5,57,Library
6,77,No,7,6,69,Library
7,40,No,7,5,32,Library
9,79,No,7,7,78,Library
7,47,Yes,9,6,41,Library
1,96,No,7,9,72,Library
8,77,No,9,0,71,Library
5,56,Yes,4,2,44,Library
9,58,No,6,2,57,Library
5,72,No,9,2,57,Library
5,54,No,6,3,41,Library
2,84,No,8,0,62,Library
3,70,No,4,1,48,Library
9,60,No,5,4,59,Library
7,42,Yes,7,5,34,Library
1,41,No,8,8,17,Library
3,74,Yes,5,1,54,Library
2,80,No,6,8,55,Library
1,98,Yes,5,6,73,Library
9,55,Yes,7,8,50,Library
8,95,Yes,7,3,91,Library
5,84,Yes,9,6,73,Library
2,90,No,9,0,70,Library
1,98,No,6,7,74,Library
7,89,No,7,6,86,Library
2,60,Yes,4,6,34,Library
1,51,Yes,8,1,25,Library
2,67,Yes,6,9,47,Library
7,51,Yes,6,8,45,Library
7,72,Yes,5,7,62,Library
6,59,Yes,6,0,49,Library
5,79,Yes,8,0,62,Library
3,88,No,4,4,65,Library
3,60,Yes,5,1,40,Library
9,99,No,8,0,97,Library
4,91,No,9,9,79,Library
9,93,Yes,6,7,93,Library
4,78,Yes,7,3,60,Library
2,80,Yes,9,1,61,Library
4,88,Yes,7,4,73,Library
6,98,No,8,5,89,Library
6,81,Yes,4,7,71,Library
5,75,No,7,6,61,Library
1,61,Yes,8,6,39,Library
3,65,No,5,0,44,Library
5,46,No,6,2,32,Library
6,46,No,4,2,35,Library
1,47,No,4,6,20,Library
9,65,No,5,1,62,Library
3,63,Yes,4,9,42,Library
3,63,Yes,8,6,43,Library
2,79,Yes,4,8,56,Library
8,87,No,4,0,79,Library
3,51,Yes,4,1,30,Library
6,86,No,8,5,73,Library
2,47,No,9,1,25,Library
7,93,Yes,6,1,84,Library
4,48,No,7,4,27,Library
9,42,Yes,9,6,41,Library
9,93,No,4,3,92,Library
7,60,Yes,5,5,53,Library
8,70,No,5,2,63,Library
3,87,Yes,8,3,67,Library
5,86,Yes,6,3,74,Home
2,63,No,4,3,37,Home
7,43,No,8,0,33,Home
8,59,No,7,3,58,Home
9,55,Yes,6,3,55,Home
7,49,Yes,6,5,40,Home
8,82,No,8,8,79,Home
9,65,Yes,9,9,68,Home
6,68,Yes,5,5,57,Home
2,44,No,9,5,20,Home
2,50,Yes,6,6,28,Home
4,68,Yes,5,6,50,Home
9,84,Yes,6,0,80,Home
7,54,No,6,7,44,Home
2,45,Yes,6,0,19,Home
8,87,No,7,8,81,Home
7,54,Yes,5,3,46,Home
9,82,Yes,7,8,83,Home
8,59,Yes,5,7,58,Home
3,73,Yes,7,8,53,Home
1,99,Yes,7,5,73,Home
2,99,No,7,8,79,Home
2,41,Yes,8,3,15,Home
4,83,Yes,7,2,62,Home
6,55,Yes,9,2,46,Home
4,58,Yes,9,7,41,Home
9,73,No,6,1,68,Home
4,88,Yes,4,5,72,Home
6,53,Yes,7,8,43,Home
6,63,Yes,4,8,51,Home
1,67,Yes,4,7,38,Home
8,87,No,6,7,80,Home
3,71,No,4,0,48,Home
6,76,Yes,4,6,63,Home
3,49,Yes,9,0,31,Home
2,88,Yes,4,8,66,Home
5,84,Yes,5,2,69,Home
1,87,Yes,7,0,62,Home
9,48,No,7,7,49,Home
7,63,No,4,6,54,Home
3,75,Yes,6,1,57,Home
4,95,Yes,5,6,77,Home
6,68,Yes,6,4,56,Home
3,99,No,6,6,79,Home
7,68,Yes,4,9,60,Home
6,97,Yes,8,6,88,Home
9,87,No,4,1,83,Home
5,62,No,9,1,43,Home
4,66,Yes,8,6,48,Home
3,70,Yes,5,2,50,Home
1,82,Yes,8,3,61,Home
3,46,Yes,4,6,24,Home
3,88,No,4,1,71,Home
7,93,No,6,1,81,Home
7,84,Yes,4,8,76,Home
1,43,No,9,0,17,Home
3,53,Yes,4,2,30,Home
8,81,No,7,9,78,Home
9,81,Yes,7,3,78,Home
7,49,Yes,6,4,37,Home
7,98,No,8,2,86,Home
8,83,No,8,8,77,Home
6,73,No,7,4,63,Home
3,65,No,9,6,46,Home
1,62,No,5,6,38,Home
7,48,Yes,9,8,41,Home
1,76,Yes,7,1,51,Home
1,47,No,9,2,24,Home
9,92,Yes,5,3,88,Home
7,53,Yes,8,7,50,Home
4,46,Yes,7,0,30,Home
6,46,Yes,4,8,32,Home
1,48,No,5,4,18,Home
7,42,Yes,5,3,29,Home
6,53,Yes,5,7,41,Home
4,56,Yes,8,8,37,Home
7,89,Yes,9,2,85,Home
3,83,No,6,3,67,Home
1,61,Yes,4,0,30,Home
4,85,Yes,7,2,69,Home
3,65,Yes,9,9,43,Home
1,97,No,5,4,72,Home
2,67,No,8,7,47,Home
5,84,Yes,5,0,69,Home
8,53,Yes,9,0,48,Home
1,48,No,7,2,20,Home
4,90,Yes,4,8,73,Home
4,65,No,5,8,49,Home
5,41,Yes,8,0,26,Home
7,50,Yes,8,3,44,Home
8,56,No,6,7,49,Home
6,73,Yes,8,1,61,Home
1,58,Yes,6,3,28,Home
7,78,Yes,4,6,74,Home
3,57,No,7,6,33,Home
6,52,No,6,4,42,Home
8,44,Yes,5,6,39,Home
7,89,Yes,9,5,82,Home
6,62,Yes,5,1,48,Home
9,97,Yes,7,8,95,Home
9,95,No,8,4,92,Home
1,63,No,9,1,36,Home
1,68,No,5,5,37,Home
1,87,Yes,9,9,65,Home
8,86,Yes,6,4,82,Home
7,47,No,7,1,37,Home
3,65,Yes,5,9,45,Home
2,54,Yes,8,9,34,Home
4,96,No,9,6,78,Home
3,40,Yes,8,9,18,Home
7,67,No,9,1,59,Home
8,88,Yes,5,6,82,Home
6,86,Yes,7,5,75,Home
3,85,Yes,4,3,65,Home
6,53,Yes,5,3,40,Home
2,81,Yes,8,5,60,Home
7,73,No,4,8,67,Home
7,98,No,7,9,95,Home
4,70,Yes,8,5,56,Home
8,45,Yes,7,5,35,Home
4,88,No,9,0,73,Home
7,44,No,5,4,37,Home
4,70,Yes,7,0,53,Home
5,76,No,8,8,62,Home
7,54,No,5,9,44,Home
3,54,No,8,3,36,Home
5,91,Yes,8,1,76,Home
3,82,No,4,8,60,Home
5,44,No,6,5,28,Home
3,67,No,7,9,48,Home
7,72,No,7,2,62,Home
1,50,Yes,4,1,19,Home
9,82,No,9,5,80,Home
9,45,No,7,9,46,Home
5,62,No,4,5,47,Home
9,79,Yes,7,8,79,Home
6,41,Yes,7,4,27,Home
5,54,Yes,8,8,43,Home
3,62,No,4,4,43,Home
8,61,No,9,1,56,Home
4,48,No,7,0,27,Home
3,86,Yes,9,8,70,Home
6,79,No,6,9,70,Home
8,69,No,4,6,61,Home
9,55,Yes,4,2,53,Home
6,98,No,4,5,87,Home
5,85,No,8,9,68,Home
2,86,Yes,4,3,61,Home
2,91,Yes,8,8,70,Home
9,69,Yes,6,1,65,Home
2,84,Yes,5,3,61,Home
2,48,Yes,8,0,27,Home
3,40,No,7,6,22,Home
3,98,Yes,4,3,81,Home
4,77,No,5,4,60,Home
7,47,No,8,0,41,Home
9,98,Yes,9,1,98,Home
2,98,Yes,9,3,79,Home
4,91,No,7,1,77,Home
9,57,No,5,0,51,Home
2,66,No,6,9,43,Home
1,57,Yes,8,0,27,Home
8,71,No,9,5,69,Home
9,97,Yes,9,1,98,Home
7,88,No,8,2,80,Home
8,71,No,9,4,68,Home
4,92,No,6,2,76,Home
4,87,Yes,9,5,72,Home
2,84,Yes,8,6,64,Home
8,93,No,4,9,87,Home
2,75,No,9,5,53,Home
9,75,No,8,1,71,Home
4,60,Yes,4,8,40,Home
1,85,Yes,9,1,58,Home
4,71,Yes,9,5,55,Home
3,70,Yes,8,8,50,Home
6,76,Yes,7,8,64,Home
7,55,No,7,1,44,Home
8,85,No,5,8,79,Home
2,85,No,7,7,65,Home
6,53,Yes,6,6,37,Home
6,96,No,5,7,85,Home
5,63,Yes,7,9,48,Home
7,64,Yes,4,7,55,Home
3,85,No,8,0,64,Home
4,90,No,7,8,74,Home
9,74,Yes,4,5,67,Home
4,56,Yes,5,0,38,Home
3,85,No,8,0,65,Home
2,81,Yes,7,6,60,Home
5,84,Yes,5,9,72,Home
4,93,Yes,7,1,73,Home
8,43,No,5,5,34,Home
7,50,Yes,7,4,45,Home
6,86,Yes,4,4,75,Home
2,54,Yes,6,9,28,Home
3,69,Yes,4,5,48,Home
9,63,Yes,8,7,64,Home
9,41,Yes,7,4,42,Home
5,82,Yes,6,7,72,Home
3,73,No,6,4,52,Home
2,62,No,8,9,40,Home
8,70,No,8,5,61,Home
6,76,Yes,6,7,66,Home
7,52,No,8,1,43,Home
1,72,No,8,6,49,Home
1,46,Yes,7,2,16,Home
2,71,No,4,8,46,Home
3,46,Yes,9,9,28,Home
1,81,Yes,5,6,57,Home
5,77,Yes,6,2,62,Home
3,91,No,5,7,76,Home
1,83,Yes,6,9,56,Home
8,52,No,6,1,44,Home
6,63,Yes,4,9,49,Home
9,67,Yes,6,7,64,Home
3,71,No,6,6,52,Home
9,82,Yes,4,4,79,Home
9,57,No,8,3,52,Home
1,73,Yes,9,9,52,Home
3,87,Yes,5,9,71,Home
6,73,Yes,6,0,59,Home
8,90,Yes,4,3,90,Home
4,77,Yes,6,5,58,Home
5,40,Yes,4,5,25,Home
9,82,Yes,5,1,78,Home
6,89,Yes,7,8,77,Home
7,81,No,8,0,73,Home
7,70,No,7,3,61,Home
4,89,No,4,3,71,Home
4,99,Yes,6,1,82,Home
4,40,No,8,7,25,Home
5,90,No,5,1,76,Home
5,55,Yes,9,1,39,Home
8,97,No,8,1,91,Home
9,78,Yes,6,0,73,Home
2,54,No,7,4,34,Home
7,72,No,4,3,64,Home
1,62,No,7,1,36,Home
1,92,No,8,0,67,Home
4,80,No,9,0,63,Home
7,73,Yes,6,1,64,Home
2,56,No,4,0,29,Home
2,64,Yes,6,8,41,Home
1,95,No,6,1,70,Home
2,81,Yes,9,2,57,Home
7,45,No,8,8,36,Home
9,70,No,7,4,67,Home
6,44,No,6,7,29,Home
2,79,No,6,6,58,Home
9,79,No,6,5,77,Home
7,69,Yes,4,1,60,Home
1,44,No,6,3,16,Home
9,51,No,6,8,50,Home
2,46,Yes,8,6,25,Home
4,84,No,6,2,68,Home
9,52,No,9,5,52,Home
4,88,No,9,7,72,Home
3,43,No,6,7,21,Home
1,89,No,9,7,63,Home
7,81,Yes,8,7,74,Home
6,42,No,4,9,24,Home
4,51,Yes,9,5,33,Home
6,40,No,9,9,29,Home
6,66,No,7,2,53,Home
4,82,Yes,8,8,68,Home
6,89,No,9,2,75,Home
8,52,No,4,3,41,Home
3,56,Yes,7,9,34,Home
4,47,No,6,0,29,Home
1,71,No,8,1,44,Home
4,59,Yes,9,5,42,Home
9,90,Yes,6,0,90,Home
8,56,No,8,8,52,Home
4,73,No,7,7,55,Home
7,74,No,9,1,63,Home
3,74,Yes,4,1,56,Home
9,77,Yes,8,7,76,Home
4,81,No,4,7,62,Home
2,63,No,6,0,39,Home
5,93,No,6,4,78,Home
2,57,Yes,7,1,35,Home
6,89,Yes,7,0,74,Home
1,85,Yes,5,2,58,Home
6,87,No,5,2,72,Home
4,78,No,7,9,62,Home
3,72,No,9,8,52,Home
2,88,Yes,6,9,65,Home
7,62,No,4,0,50,Home
9,64,Yes,7,1,61,Home
3,76,No,9,8,57,Home
6,66,Yes,4,4,51,Home
9,40,No,5,8,37,Home
2,60,No,4,5,40,Home
7,98,Yes,7,9,91,Home
5,88,No,6,9,77,Home
5,49,Yes,7,2,31,Home
7,70,No,8,7,61,Home
9,83,No,9,8,85,Home
4,64,No,9,1,47,Home
9,59,Yes,9,8,57,Home
9,96,No,8,3,95,Home
4,41,Yes,8,7,23,Home
3,94,No,6,4,74,Home
2,87,No,9,5,67,Home
9,54,Yes,7,3,52,Home
2,67,No,8,4,50,Home
6,52,No,7,0,38,Home
5,89,Yes,5,2,76,Home
5,99,Yes,9,3,88,Home
4,91,No,8,0,73,Home
6,93,Yes,8,2,81,Home
5,53,Yes,6,3,41,Home
4,89,No,7,8,72,Home
9,41,Yes,6,2,39,Home
6,73,Yes,6,2,62,Home
3,74,No,7,3,54,Home
6,76,Yes,5,8,68,Home
1,64,Yes,7,8,40,Home
5,87,No,5,0,72,Home
6,93,No,6,7,83,Home
8,54,Yes,5,9,49,Home
9,51,No,9,0,47,Home
3,48,Yes,5,1,27,Home
2,97,Yes,5,9,76,Home
4,70,Yes,8,4,55,Home
8,53,Yes,8,5,49,Home
8,68,No,6,1,69,Home
3,92,No,7,9,72,Home
4,87,Yes,5,4,66,Home
3,82,No,9,2,62,Home
2,77,Yes,8,6,55,Home
4,81,Yes,7,0,65,Home
6,99,No,9,4,88,Home
5,47,No,5,2,32,Home
3,87,Yes,7,1,66,Home
2,42,No,9,2,20,Home
9,41,Yes,4,9,35,Home
1,55,No,9,3,30,Home
9,58,No,9,1,54,Home
1,69,Yes,5,1,42,Home
7,80,No,7,2,67,Home
6,55,No,5,1,43,Home
7,70,Yes,5,5,60,Home
3,93,Yes,4,1,72,Home
3,97,Yes,9,0,79,Home
1,67,Yes,7,7,41,Home
4,43,Yes,6,9,25,Home
2,49,Yes,8,3,23,Home
8,90,No,5,1,82,Home
3,84,Yes,5,3,67,Home
7,57,Yes,5,1,48,Home
7,86,Yes,5,4,74,Home
9,71,No,8,6,70,Home
6,69,Yes,6,5,60,Home
1,75,Yes,4,1,46,Home
8,48,No,6,3,41,Home
1,75,No,8,7,50,Home
3,68,Yes,7,6,49,Home
5,55,No,4,6,40,Home
8,67,No,4,3,61,Home
9,60,Yes,7,0,56,Home
7,86,Yes,9,6,82,Home
9,95,Yes,5,5,88,Home
3,41,No,8,7,19,Home
5,99,Yes,7,4,89,Home
8,98,No,6,7,92,Home
1,85,Yes,6,9,62,Home
8,74,No,9,7,70,Home
7,93,Yes,7,8,88,Home
1,67,No,8,0,42,Home
6,94,Yes,9,2,89,Home
1,75,Yes,9,5,51,Home
2,70,Yes,9,3,48,Home
5,72,No,4,7,59,Home
2,62,No,4,9,40,Home
1,99,Yes,5,0,71,Home
6,80,No,8,4,71,Home
8,56,Yes,6,3,50,Home
8,85,No,6,0,78,Home
8,88,Yes,5,9,84,Home
6,40,No,6,5,29,Home
3,81,No,9,9,63,Home
1,62,No,5,2,34,Home
2,87,No,5,4,68,Home
5,66,No,7,5,52,Home
5,64,Yes,4,3,51,Home
1,71,No,8,9,46,Home
1,58,No,8,9,32,Home
9,63,No,4,5,61,Home
2,96,No,9,6,74,Home
7,42,Yes,8,1,29,Home
4,99,No,6,6,82,Home
7,51,No,6,6,43,Home
8,74,Yes,8,1,67,Home
5,54,Yes,7,2,38,Home
1,56,No,8,2,30,Home
4,89,Yes,5,0,69,Home
3,71,No,9,0,52,Home
5,46,No,5,9,33,Home
6,58,Yes,4,5,48,Home
2,46,No,9,8,23,Home
7,44,Yes,9,8,41,Home
3,97,Yes,6,0,78,Home
1,79,No,9,6,53,Home
3,60,No,7,5,39,Home
9,87,Yes,8,3,84,Home
6,87,No,5,2,70,Home
6,90,Yes,6,8,83,Home
4,96,Yes,6,9,81,Home
8,86,Yes,7,4,82,Home
5,46,Yes,7,7,33,Home
7,76,No,7,3,64,Home
9,62,No,7,3,59,Home
5,50,No,5,5,36,Home
5,49,No,7,5,36,Home
4,96,No,6,2,81,Home
6,60,No,6,1,47,Home
2,94,Yes,9,8,69,Home
3,98,No,8,1,80,Home
1,80,Yes,6,8,55,Home
2,72,Yes,6,7,54,Home
2,59,Yes,5,9,40,Home
8,72,No,9,6,70,Home
8,79,Yes,6,4,71,Home
2,74,No,4,2,47,Home
6,73,Yes,6,1,62,Home
5,75,No,8,7,59,Home
3,66,No,8,1,48,Home
5,58,No,9,7,47,Home
5,82,No,9,4,72,Home
5,44,No,7,8,32,Home
3,68,Yes,5,3,47,Home
3,95,No,8,7,76,Home
4,49,No,4,6,29,Home
7,95,Yes,4,7,87,Home
2,98,No,7,4,71,Home
4,94,No,5,1,75,Home
4,79,No,5,6,63,Home
1,52,No,9,2,28,Home
8,68,No,6,9,64,Home
1,44,Yes,4,9,16,Home
8,97,No,4,9,89,Home
7,97,Yes,4,9,90,Home
9,98,No,4,1,91,Home
8,51,Yes,8,2,43,Home
5,98,Yes,5,3,84,Home
8,52,Yes,6,9,47,Home
3,61,No,8,6,47,Home
7,79,No,5,9,71,Home
4,54,Yes,7,0,37,Home
5,52,No,4,5,35,Home
9,40,No,6,5,38,Home
7,93,Yes,5,7,85,Home
4,77,No,7,1,58,Home
6,82,Yes,4,1,69,Home
7,84,No,7,0,74,Home
9,92,Yes,7,2,89,Home
4,91,No,8,6,80,Home
3,40,No,7,7,21,Home
8,50,Yes,8,6,45,Home
1,97,Yes,9,8,74,Home
9,82,No,8,7,77,Home
1,79,Yes,7,7,51,Home
2,61,Yes,5,1,38,Home
8,74,Yes,7,0,69,Home
9,99,Yes,7,5,98,Home
7,90,Yes,5,6,85,Home
3,83,No,4,5,62,Home
7,45,Yes,6,6,38,Home
6,67,Yes,9,7,57,Home
2,70,Yes,4,1,41,Home
3,94,Yes,7,0,76,Home
5,47,No,4,9,30,Home
4,44,Yes,6,7,28,Home
2,81,No,4,7,56,Home
4,93,No,6,7,77,Home
8,87,Yes,4,9,85,Home
5,83,Yes,8,6,72,Home
5,56,No,7,1,42,Home
3,77,No,6,3,56,Home
8,48,No,9,8,43,Home
6,49,Yes,7,7,38,Home
2,59,No,8,3,38,Home
2,53,Yes,4,7,30,Home
9,53,No,7,9,52,Home
7,65,No,4,5,55,Home
9,68,Yes,4,8,67,Home
6,88,Yes,7,0,78,Home
5,66,No,6,5,51,Home
1,64,Yes,6,3,39,Home
6,55,Yes,7,2,46,Home
6,75,No,6,4,67,Home
3,73,Yes,5,9,52,Home
3,55,Yes,4,7,36,Home
3,72,No,7,9,54,Home
3,42,No,9,5,25,Home
7,62,Yes,8,0,53,Home
2,50,Yes,7,5,28,Home
2,87,Yes,7,6,64,Home
3,97,No,4,5,77,Home
7,57,No,8,2,46,Home
3,86,Yes,4,8,69,Home
7,80,Yes,9,9,74,Home
9,83,Yes,6,9,85,Home
4,68,No,7,3,49,Home
7,98,No,4,4,89,Home
9,89,Yes,9,4,88,Home
8,44,Yes,9,2,40,Home
8,63,Yes,5,1,58,Home
9,68,Yes,7,7,63,Home
5,68,No,9,6,57,Home
5,99,Yes,6,4,87,Home
3,65,Yes,4,0,40,Home
5,79,No,4,9,67,Home
8,42,Yes,5,0,32,Home
5,41,Yes,6,7,27,Home
4,64,Yes,9,3,47,Home
8,58,Yes,5,3,51,Home
7,79,Yes,9,8,72,Home
6,41,Yes,9,1,31,Home
5,58,No,7,4,42,Home
5,40,Yes,8,5,28,Home
2,66,No,9,5,45,Home
4,93,No,4,9,75,Home
8,84,No,9,2,81,Home
8,94,No,5,9,88,Home
1,91,Yes,9,5,67,Home
2,88,Yes,4,9,62,Home
5,74,Yes,4,9,59,Home
9,80,Yes,5,4,75,Home
7,44,No,4,7,30,Home
5,77,No,6,3,62,Home
1,43,No,6,9,17,Home
6,56,Yes,8,9,47,Home
8,92,No,6,2,87,Home
7,60,Yes,5,5,51,Home
2,92,No,9,9,72,Home
5,87,Yes,6,8,76,Home
4,70,No,8,7,56,Home
9,87,No,7,9,86,Home
1,61,Yes,7,7,37,Home
6,50,No,5,2,35,Home
3,73,No,8,0,54,Home
9,88,Yes,6,2,83,Home
5,54,No,8,2,40,Home
6,89,No,4,5,78,Home
9,49,No,8,2,47,Home
9,77,No,6,1,68,Home
8,71,Yes,5,8,67,Home
9,92,Yes,4,5,92,Home
4,87,No,8,4,67,Home
6,70,Yes,7,2,59,Home
5,76,No,6,6,61,Home
5,83,Yes,5,6,69,Home
4,67,No,9,3,53,Home
2,70,No,6,9,48,Home
6,45,Yes,8,1,32,Home
9,53,No,5,1,47,Home
1,97,No,7,7,71,Home
7,62,No,4,3,48,Home
6,55,No,8,6,43,Home
3,64,Yes,5,2,44,Home
1,78,Yes,4,8,53,Home
4,41,Yes,5,9,24,Home
9,77,Yes,9,8,76,Home
2,80,No,8,6,58,Home
3,78,No,5,6,59,Home
2,73,No,7,0,51,Home
2,90,No,5,9,68,Home
8,79,Yes,8,7,73,Home
3,82,Yes,5,1,60,Home
7,64,Yes,4,7,56,Home
8,75,No,4,1,66,Home
3,55,No,9,0,34,Home
2,96,No,6,7,75,Home
8,57,No,9,3,53,Home
3,52,Yes,6,9,31,Home
7,98,Yes,7,5,88,Home
1,76,Yes,4,9,48,Home
6,66,No,6,9,56,Home
9,73,Yes,5,0,67,Home
3,50,No,7,8,29,Home
7,40,Yes,8,6,30,Home
6,52,Yes,6,4,40,Home
8,69,No,9,5,64,Home
3,44,No,6,2,23,Home
3,57,No,9,8,39,Home
4,53,Yes,9,1,33,Home
3,52,Yes,4,9,33,Home
9,71,Yes,7,0,68,Home
4,46,Yes,9,0,32,Home
6,47,No,4,9,33,Home
8,89,Yes,4,1,83,Home
8,46,No,9,5,41,Home
5,91,Yes,7,5,76,Home
5,88,No,5,8,76,Home
6,55,No,6,9,45,Home
7,82,Yes,4,3,72,Home
7,70,Yes,6,7,60,Home
4,90,No,7,3,75,Home
6,66,Yes,5,2,55,Home
7,99,No,8,3,91,Home
5,72,Yes,5,0,56,Home
5,92,Yes,7,8,77,Home
2,68,Yes,5,4,47,Home
7,47,Yes,8,6,37,Home
6,72,Yes,4,2,61,Home
1,80,No,5,4,58,Home
4,58,Yes,9,9,42,Home
3,60,No,9,3,40,Home
3,80,No,7,6,59,Home
7,60,No,5,4,53,Home
4,64,Yes,8,1,47,Home
8,81,No,7,2,72,Home
9,95,No,5,7,90,Home
3,62,No,7,2,43,Home
5,50,No,9,6,35,Home
4,72,No,8,4,52,Home
6,59,No,4,6,47,Home
4,64,Yes,8,9,50,Home
8,65,No,4,8,57,Home
3,79,No,6,6,58,Home
5,91,Yes,9,5,78,Home
1,51,No,9,0,25,Home
6,71,Yes,9,3,64,Home
5,72,Yes,8,7,61,Home
8,49,No,4,0,42,Home
9,43,No,6,5,39,Home
8,54,Yes,6,1,46,Home
8,90,Yes,6,8,88,Home
3,45,Yes,7,7,26,Home
4,66,Yes,8,8,49,Home
4,44,No,8,8,34,Home
5,44,Yes,9,1,31,Home
9,57,Yes,8,1,52,Home
9,67,Yes,8,8,68,Home
1,74,No,7,1,50,Home
8,98,Yes,8,3,93,Home
1,61,Yes,4,1,32,Home
2,73,No,6,0,48,Home
7,43,No,7,9,36,Home
8,57,Yes,7,6,54,Home
1,80,Yes,9,4,55,Home
3,90,Yes,8,2,74,Home
7,65,No,6,7,53,Home
9,81,No,4,4,76,Home
8,61,Yes,6,0,54,Home
8,86,Yes,5,8,80,Home
9,72,Yes,6,4,68,Home
3,82,No,4,2,63,Home
8,53,Yes,4,5,46,Home
1,70,Yes,4,7,45,Home
8,49,No,7,1,43,Home
7,90,Yes,7,2,83,Home
8,63,No,5,6,56,Home
1,60,No,6,1,29,Home
6,87,Yes,8,4,79,Home
7,47,No,9,8,40,Home
5,71,No,5,6,55,Home
5,70,Yes,8,2,55,Home
7,73,No,8,1,65,Home
3,62,No,5,9,41,Home
6,64,Yes,6,8,53,Home
7,46,Yes,9,8,41,Home
1,58,Yes,8,8,34,Home
2,46,Yes,7,9,23,Home
4,86,Yes,7,2,70,Home
8,47,No,5,0,38,Home
6,53,No,9,8,45,Home
1,40,No,9,6,14,Home
5,52,No,8,1,37,Home
7,42,No,5,5,33,Home
6,92,Yes,9,8,81,Home
9,67,Yes,9,7,68,Home
8,77,Yes,7,5,76,Home
4,90,Yes,5,5,74,Home
5,54,No,8,7,41,Home
7,75,Yes,8,8,70,Home
8,92,Yes,7,7,89,Home
5,42,No,4,0,25,Home
9,43,No,4,1,36,Home
4,44,Yes,9,5,27,Home
4,89,No,6,7,71,Home
8,65,No,7,3,56,Home
1,64,Yes,6,3,41,Home
8,49,No,9,1,41,Home
5,47,Yes,7,9,34,Home
1,51,No,8,0,23,Home
4,93,No,7,9,78,Home
2,97,No,5,8,76,Home
4,98,No,6,6,78,Home
8,42,Yes,7,8,38,Home
5,66,No,6,1,48,Home
1,89,Yes,9,9,65,Home
7,62,Yes,7,4,59,Home
1,79,No,4,1,52,Home
9,97,No,6,9,97,Home
3,72,Yes,8,6,54,Home
3,53,No,8,8,34,Home
6,93,No,7,2,80,Home
6,62,Yes,8,0,54,Home
6,70,No,8,3,63,Home
1,52,Yes,6,3,26,Home
5,96,No,7,5,85,Home
6,51,No,6,4,40,Home
8,74,No,7,4,68,Home
1,57,No,8,8,32,Home
5,60,No,7,0,44,Home
3,84,No,9,7,70,Home
2,86,Yes,7,7,66,Home
8,81,Yes,5,7,76,Home
7,40,No,7,2,29,Home
7,77,No,5,9,70,Home
5,80,Yes,6,7,64,Home
9,81,Yes,5,1,76,Home
5,86,Yes,6,7,72,Home
2,48,No,7,7,24,Home
3,62,No,6,2,40,Home
4,53,No,8,3,37,Home
5,50,Yes,9,8,42,Home
3,46,Yes,7,8,28,Home
7,70,No,5,9,61,Home
5,63,Yes,9,8,53,Home
5,65,No,4,9,50,Home
6,69,No,9,5,55,Home
7,73,Yes,7,0,67,Home
8,85,No,9,7,79,Home
9,77,Yes,9,8,77,Home
4,44,Yes,8,7,26,Home
5,44,No,6,0,26,Home
5,58,No,9,5,44,Home
8,90,Yes,5,8,80,Home
9,77,No,5,8,73,Home
7,67,Yes,8,6,61,Home
5,65,No,9,6,53,Home
3,81,Yes,9,3,59,Home
1,62,Yes,8,6,40,Home
9,85,No,7,9,88,Home
5,88,No,4,4,76,Home
9,69,Yes,4,9,65,Home
4,42,Yes,6,4,23,Home
5,67,Yes,5,0,50,Home
4,72,Yes,7,1,59,Home
2,81,No,5,8,57,Home
1,42,No,7,1,14,Home
8,44,No,8,9,41,Home
4,96,Yes,6,1,81,Home
5,58,No,8,8,47,Home
6,81,Yes,5,2,67,Home
8,97,Yes,6,1,92,Home
8,96,No,9,6,95,Home
7,87,No,7,8,79,Home
4,40,Yes,7,5,24,Home
6,77,Yes,6,6,67,Home
4,48,No,8,2,30,Home
7,99,Yes,6,2,91,Home
1,44,No,8,7,21,Home
5,98,No,6,6,87,Home
4,85,Yes,8,4,69,Home
7,81,Yes,4,5,72,Home
9,73,Yes,6,8,70,Home
5,76,Yes,8,2,66,Home
4,72,Yes,9,2,55,Home
9,64,No,5,5,60,Home
5,81,No,5,7,67,Home
9,68,No,6,4,65,Home
8,97,No,6,0,87,Home
4,64,Yes,7,2,48,Home
7,93,No,8,7,87,Home
5,98,Yes,6,3,84,Home
4,48,Yes,5,8,32,Home
5,42,Yes,5,5,27,Home
5,54,Yes,5,9,37,Home
9,43,Yes,8,3,43,Home
9,84,No,4,3,77,Home
6,77,Yes,6,9,65,Home
4,59,Yes,4,4,43,Home
2,88,No,8,6,64,Home
3,62,No,9,6,43,Home
2,76,No,6,9,57,Home
5,86,Yes,7,6,73,Home
6,47,Yes,6,4,32,Home
5,96,Yes,6,8,85,Home
2,76,Yes,6,1,54,Home
5,95,No,6,7,81,Home
9,84,No,9,9,79,Home
4,72,No,6,7,58,Home
2,72,No,8,2,53,Home
3,46,No,6,4,25,Home
3,61,No,9,7,41,Home
9,44,Yes,8,9,44,Home
4,85,Yes,6,8,70,Home
1,54,No,6,6,29,Home
1,60,No,8,3,34,Home
7,64,No,6,3,56,Home
7,56,No,9,2,49,Home
2,95,Yes,5,7,78,Home
9,89,Yes,6,5,88,Home
9,46,Yes,7,9,45,Home
5,93,No,8,5,77,Home
3,97,No,9,9,76,Home
3,89,No,6,9,70,Home
3,99,Yes,6,8,80,Home
6,58,Yes,8,2,45,Home
4,91,Yes,4,3,71,Home
8,46,No,9,2,42,Home
5,79,Yes,9,2,65,Home
1,84,Yes,5,0,56,Home
9,98,No,5,9,93,Home
1,89,Yes,6,5,62,Home
6,63,No,8,8,52,Home
1,50,No,7,4,24,Home
3,80,No,6,9,61,Home
5,94,Yes,5,1,78,Home
7,40,Yes,6,9,28,Home
8,93,No,8,3,86,Home
9,71,Yes,9,5,69,Home
6,79,No,9,6,71,Home
9,92,Yes,9,6,91,Home
8,83,No,9,3,79,Home
9,41,No,7,9,41,Home
4,54,Yes,4,9,36,Home
9,60,No,7,4,57,Home
7,63,No,6,3,54,Home
5,89,No,5,9,75,Home
5,56,No,8,5,40,Home
1,86,No,6,6,61,Home
2,91,Yes,4,1,67,Home
3,91,Yes,8,9,72,Home
8,48,No,8,2,42,Home
6,74,Yes,8,7,60,Home
5,59,No,6,6,41,Home
1,58,No,4,0,32,Home
9,57,No,6,3,53,Home
3,59,No,8,4,42,Home
3,69,No,8,2,49,Home
2,79,Yes,5,3,56,Home
4,40,Yes,7,9,24,Home
2,63,Yes,6,9,39,Home
9,63,Yes,4,9,61,Home
7,86,Yes,8,6,78,Home
8,58,Yes,6,7,53,Home
3,69,No,7,8,48,Home
6,65,Yes,6,1,54,Home
6,81,No,7,3,70,Home
1,83,No,6,0,59,Home
6,99,Yes,5,2,89,Home
3,77,Yes,6,7,58,Home
3,68,No,9,6,52,Home
3,52,No,5,7,32,Home
8,43,No,7,5,32,Home
5,84,No,8,4,69,Home
4,56,No,8,9,40,Home
9,72,Yes,6,8,73,Home
9,44,Yes,4,4,39,Home
1,67,No,6,8,40,Home
2,63,No,5,3,35,Home
8,56,No,5,4,52,Home
5,89,No,7,0,77,Home
7,78,No,6,5,67,Home
1,87,No,7,2,58,Home
5,79,No,4,9,66,Home
3,83,No,8,1,66,Home
2,85,Yes,8,5,62,Home
2,90,No,6,0,66,Home
9,50,No,7,8,49,Home
4,51,Yes,7,4,32,Home
4,52,No,4,6,32,Home
7,47,No,7,9,38,Home
2,40,No,9,8,16,Home
3,48,No,9,8,35,Home
3,67,Yes,5,6,49,Home
6,41,No,9,3,29,Home
3,53,No,9,3,34,Home
5,52,No,5,6,33,Home
4,87,Yes,9,7,73,Home
3,41,No,9,6,23,Home
8,43,No,5,9,35,Home
3,51,Yes,6,3,30,Home
6,87,Yes,5,3,73,Home
7,49,Yes,5,7,43,Home
7,42,Yes,9,8,38,Home
2,43,No,8,6,21,Home
3,45,Yes,9,2,26,Home
4,62,Yes,6,9,43,Home
7,44,Yes,5,0,32,Home
2,89,No,4,4,64,Home
3,42,Yes,5,5,20,Home
7,49,No,6,8,41,Home
7,82,No,7,4,70,Home
3,58,Yes,9,0,36,Home
1,53,No,8,3,26,Home
3,60,Yes,8,1,37,Home
5,99,Yes,9,3,89,Home
7,82,No,9,6,77,Home
4,67,No,6,8,47,Home
1,60,No,5,2,33,Home
6,75,No,4,2,61,Home
2,63,Yes,5,3,39,Home
3,93,No,5,6,74,Home
4,77,No,4,5,54,Home
6,56,No,8,4,47,Home
6,61,No,5,3,49,Home
7,58,Yes,7,7,53,Home
5,84,Yes,7,3,66,Home
7,93,No,6,2,84,Home
2,49,No,6,6,27,Home
1,50,Yes,4,1,23,Home
8,77,Yes,4,3,72,Home
1,41,Yes,6,7,16,Home
2,72,Yes,9,3,47,Home
6,82,No,5,9,73,Home
1,70,No,9,6,45,Home
3,87,Yes,8,1,68,Home
7,74,Yes,7,4,69,Home
8,76,No,4,3,69,Home
4,86,No,6,8,69,Home
3,86,Yes,7,6,65,Home
1,75,No,9,8,48,Home
9,62,Yes,4,9,57,Home
6,75,No,4,6,62,Home
6,79,No,5,1,70,Home
9,78,Yes,4,1,73,Home
1,65,No,8,1,39,Home
6,64,Yes,4,4,53,Home
5,56,No,8,0,40,Home
6,54,Yes,9,6,47,Home
8,76,Yes,5,1,68,Home
5,84,Yes,8,3,73,Home
2,43,No,9,8,23,Home
2,61,Yes,7,7,39,Home
5,56,Yes,4,9,40,Home
3,61,No,6,1,42,Home
3,56,No,6,3,35,Home
8,53,Yes,8,3,47,Home
7,53,Yes,5,1,46,Home
1,56,No,8,1,26,Home
5,47,No,9,4,36,Home
9,73,No,9,3,75,Home
4,65,Yes,8,7,48,Home
1,84,No,8,3,57,Home
8,69,Yes,7,7,62,Home
5,61,Yes,9,4,50,Home
2,55,Yes,7,0,30,Home
1,69,No,8,8,44,Home
3,55,No,5,7,36,Home
9,77,No,4,0,69,Home
1,93,Yes,9,2,66,Home
4,63,Yes,6,2,46,Home
8,75,No,7,4,68,Home
8,74,No,9,6,68,Home
8,45,Yes,4,0,37,Home
8,43,Yes,7,0,36,Home
4,57,Yes,9,9,40,Home
8,45,Yes,7,5,40,Home
9,65,No,7,4,60,Home
7,76,Yes,8,2,70,Home
2,66,Yes,8,2,43,Home
9,80,No,7,3,81,Home
8,50,No,7,9,42,Home
5,77,No,6,1,60,Home
3,55,No,4,8,36,Home
7,58,Yes,4,3,46,Home
2,82,Yes,5,9,60,Home
3,92,Yes,5,2,67,Home
9,54,Yes,5,9,49,Home
4,65,Yes,8,6,47,Home
4,95,No,8,8,79,Home
3,80,No,6,1,61,Home
5,95,Yes,8,5,82,Home
3,70,No,5,4,48,Home
9,58,Yes,9,0,54,Home
3,96,Yes,7,6,75,Home
2,90,Yes,5,0,68,Home
5,63,Yes,6,9,50,Home
6,97,Yes,7,8,87,Home
1,48,No,8,3,25,Home
6,62,No,7,7,45,Home
3,43,Yes,9,0,25,Home
4,49,Yes,6,4,28,Home
6,48,No,8,2,36,Home
8,58,Yes,4,3,53,Home
9,54,Yes,5,3,47,Home
6,90,Yes,9,7,84,Home
7,73,No,9,9,66,Home
5,81,Yes,5,9,66,Home
9,58,Yes,6,2,55,Home
4,88,No,6,0,71,Home
6,91,Yes,9,4,86,Home
5,95,Yes,5,1,80,Home
1,60,No,7,5,36,Home
5,73,No,4,3,57,Home
5,90,Yes,4,8,77,Home
9,56,No,6,6,52,Home
1,57,Yes,6,1,29,Home
5,56,Yes,7,6,43,Home
7,41,No,6,9,30,Home
6,90,Yes,4,7,74,Home
6,40,No,5,2,27,Home
7,82,No,9,2,72,Home
6,96,No,4,1,82,Home
5,49,Yes,7,0,31,Home
5,76,No,5,2,62,Home
9,87,Yes,5,9,79,Home
8,95,No,9,6,92,Home
4,44,No,4,8,27,Home
4,95,Yes,5,8,79,Home
5,94,Yes,5,5,82,Home
3,51,No,6,5,28,Home
8,75,Yes,5,4,73,Home
7,70,Yes,7,1,59,Home
5,94,No,5,6,81,Home
3,77,No,6,0,59,Home
5,90,Yes,8,5,77,Home
3,48,No,8,3,26,Home
5,83,No,7,2,70,Home
1,65,No,9,0,38,Home
6,54,Yes,9,5,42,Home
4,55,Yes,7,6,40,Home
4,52,Yes,5,0,35,Home
8,64,No,5,0,56,Home
2,69,Yes,8,6,48,Home
4,92,No,8,5,76,Home
2,95,No,4,6,71,Home
1,46,No,8,7,20,Home
3,96,No,8,7,75,Home
8,94,Yes,7,8,89,Home
6,91,No,4,8,79,Home
7,43,No,9,6,40,Home
2,82,Yes,4,8,57,Home
6,79,No,5,5,66,Home
8,77,Yes,5,8,69,Home
8,96,Yes,4,1,85,Home
4,69,Yes,4,1,53,Home
6,49,No,5,5,37,Home
5,69,Yes,7,2,58,Home
9,78,No,7,1,71,Home
8,46,Yes,7,7,42,Home
2,75,Yes,7,6,58,Home
7,74,Yes,5,7,68,Home
7,63,Yes,6,5,56,Home
1,78,No,8,8,52,Home
1,75,No,8,8,54,Home
4,84,Yes,8,1,66,Home
5,59,Yes,8,9,48,Home
4,88,Yes,5,4,69,Home
7,71,No,6,8,62,Home
3,98,Yes,5,2,80,Home
7,78,Yes,6,4,71,Home
8,88,No,5,7,82,Home
6,65,Yes,4,1,56,Home
6,65,Yes,6,5,53,Home
8,75,Yes,8,3,72,Home
8,82,Yes,6,5,76,Home
7,74,No,9,2,63,Home
6,82,No,7,5,70,Home
6,74,No,6,6,59,Home
6,51,Yes,9,9,42,Home
8,72,Yes,7,2,67,Home
1,75,No,9,4,52,Home
5,53,Yes,7,7,40,Home
3,72,Yes,4,1,50,Home
8,85,No,6,6,79,Home
6,84,No,9,0,75,Home
2,84,Yes,4,6,63,Home
7,63,No,8,0,56,Home
7,54,Yes,6,3,40,Home
5,70,No,5,3,57,Home
8,56,No,5,4,50,Home
5,51,Yes,5,1,39,Home
1,61,Yes,9,5,36,Home
9,62,No,9,5,59,Home
4,65,Yes,7,7,49,Home
2,53,Yes,5,9,26,Home
4,51,Yes,8,0,28,Home
9,89,No,9,3,88,Home
2,43,Yes,6,1,17,Home
4,98,Yes,9,7,81,Home
2,85,No,6,3,63,Home
5,90,No,9,7,74,Home
3,52,No,7,1,32,Home
2,96,No,7,3,72,Home
9,94,Yes,7,8,91,Home
5,57,Yes,8,4,44,Home
5,82,No,9,5,66,Home
1,67,No,6,9,45,Home
6,77,Yes,9,8,68,Home
7,80,Yes,4,8,71,Home
1,83,No,7,6,59,Home
9,58,Yes,5,1,56,Home
8,85,Yes,4,6,78,Home
8,86,No,4,8,81,Home
7,82,No,7,1,74,Home
5,77,No,5,6,65,Home
3,85,No,7,6,65,Home
9,42,Yes,7,2,40,Home
7,58,No,5,5,49,Home
8,59,Yes,4,7,54,Home
6,64,Yes,4,9,48,Home
5,50,Yes,9,7,40,Home
8,95,No,5,2,90,Home
3,56,Yes,4,5,36,Home
7,99,No,8,1,89,Home
2,98,No,7,1,78,Home
3,88,No,8,7,69,Home
2,94,Yes,8,9,75,Home
5,74,No,9,4,58,Home
7,53,No,9,4,44,Home
1,98,Yes,9,3,74,Home
9,78,No,8,9,75,Home
1,96,Yes,6,3,69,Home
1,58,Yes,6,7,34,Home
8,42,No,8,2,38,Home
6,73,No,7,2,58,Home
6,97,No,8,7,92,Home
9,88,No,8,2,84,Home
4,80,Yes,9,1,62,Home
8,61,No,9,4,59,Home
4,77,No,9,2,62,Home
2,95,Yes,6,5,75,Home
8,66,No,8,6,59,Home
7,60,No,7,2,52,Home
4,80,No,7,8,69,Home
9,70,No,9,9,67,Home
9,66,No,9,0,65,Home
8,76,Yes,8,6,70,Home
1,41,No,7,3,12,Home
7,93,Yes,8,6,86,Home
5,86,Yes,6,8,73,Home
7,48,Yes,8,8,41,Home
9,58,Yes,9,0,55,Home
2,81,No,4,9,62,Home
4,75,No,6,3,61,Home
4,49,Yes,7,6,33,Home
2,98,No,7,9,77,Home
3,79,No,9,5,63,Home
8,93,Yes,9,8,91,Home
9,84,No,6,6,82,Home
6,78,Yes,9,2,72,Home
2,46,Yes,4,6,20,Home
2,43,No,6,9,20,Home
7,54,No,9,4,46,Home
8,51,No,5,1,44,Home
8,87,Yes,4,9,79,Home
6,45,Yes,6,2,34,Home
8,99,No,5,5,92,Home
1,48,Yes,8,5,25,Home
9,74,No,4,6,69,Home
1,47,No,8,5,20,Home
3,46,No,5,8,27,Home
9,43,No,7,4,40,Home
5,97,Yes,7,4,83,Home
9,52,No,9,7,50,Home
9,58,Yes,7,7,55,Home
6,46,Yes,8,0,39,Home
1,49,Yes,4,2,23,Home
7,64,Yes,8,5,58,Home
6,83,Yes,8,5,74,Home
9,97,Yes,7,0,95,Home
7,74,No,8,1,64,Home
